연번,구분,학교명,학급수,학생수(명),우편번호,주소,연락처
1,유치원,천안초등학교병설유치원,1,13,31122,충남 천안시 동남구 중앙로 169,041-563-9807
2,유치원,천안중앙초등학교병설유치원,0,0,31129,충남 천안시 동남구 영성로 73,041-552-3559
3,유치원,천안남산초등학교병설유치원,2,20,31132,충남 천안시 동남구 버들1길30,041-556-2910
4,유치원,환서초등학교병설유치원,0,0,31097,충남 천안시 서북구 한들2로 34-41,041-551-8380
5,유치원,천안부대초등학교병설유치원,1,18,31080,충남 천안시 서북구 공대길 37,041-551-2461
6,유치원,천안업성초등학교병설유치원,1,6,31076,충남 천안시 서북구 업성 5길 20 ,041-583-3687
7,유치원,천안청수초등학교병설유치원,5,38,31190,충남 천안시 동남구 청수로 35-3,041-551-6700
8,유치원,천안신안초등학교병설유치원,3,40,31125,충남 천안시 동남구 원성25길 21,041-622-7605
9,유치원,안서초등학교병설유치원,0,0,31066,충남 천안시 동남구 중앙3길 10,041-551-4530
10,유치원,천안봉명초등학교병설유치원,3,15,31151,충남 천안시 동남구 봉명2길 11,041-576-3236
11,유치원,천안구성초등학교병설유치원,2,14,31194,충남 천안시 동남구 청수로 126,041-569-8749
12,유치원,천안봉서초등학교병설유치원,2,12,31148,충남 천안시 동남구 봉서10길 12,041-577-3327
13,유치원,천안미라초등학교병설유치원,5,23,31155,충남 천안시 서북구 미라2길 13,041-571-0147
14,유치원,천안쌍용초등학교병설유치원,5,27,31166,충남 천안시 서북구 쌍용6길 9,041-571-8618
15,유치원,천안용소초등학교병설유치원,1,6,31184,충남 천안시 동남구 일봉로 82-18,041-579-8145
16,유치원,천안청당초등학교병설유치원,3,37,31211,충남 천안시 동남구 청당2길 94,041-523-2595
17,유치원,천안가온초등학교병설유치원,2,20,31200,충남 천안시 동남구 청수14로 21,041-522-1732
18,유치원,풍세초등학교병설유치원,2,24,31217,충남 천안시 동남구 풍세면 풍세2길 5,041-553-3846
19,유치원,용정초등학교병설유치원,1,4,31214,충남 천안시 동남구 풍세면 용정길 8-7,041-566-7188
20,유치원,미죽초등학교병설유치원,1,8,31215,충남 천안시 동남구 풍세면 미죽2길 7,041-565-0238
21,유치원,광덕초등학교병설유치원,1,5,31221,충남 천안시 동남구 광덕면 신흥리3길 36 ,041-567-6696
22,유치원,행정초등학교병설유치원,0,0,31223,충남 천안시 동남구 광덕면 광덕로 534,041-566-8388
23,유치원,보산원초등학교병설유치원,1,3,31218,충남 천안시 동남구 광덕면 보산원2길 33,041-567-0344
24,유치원,목천초등학교병설유치원,1,6,31231,충남 천안시 동남구 목천읍 서리2길 31,041-555-2016
25,유치원,신계초등학교병설유치원,1,6,31233,충남 천안시 동남구 목천읍 천정1길 243-9,041-557-1163
26,유치원,도장초등학교병설유치원,0,0,31225,충남 천안시 동남구 목천읍 도장1길 73,041-553-3022
27,유치원,신흥초등학교병설유치원,1,10,31233,충남 천안시 동남구 목천읍 신계5길 27,041-557-0383
28,유치원,위례초등학교병설유치원,1,4,31238,충남 천안시 동남구 북면 오곡2길 6-13,041-554-7363
29,유치원,은석초등학교병설유치원,1,6,31242,충남 천안시 동남구 북면 용암3길 10,041-556-4061
30,유치원,성남초등학교병설유치원,1,5,31248,충남 천안시 동남구 성남면 대흥신덕길 95,041-553-0032
31,유치원,신사초등학교병설유치원,1,3,31245,충남 천안시 동남구 성남면 신사대화로 155,041-553-7122
32,유치원,수신초등학교병설유치원,1,4,31251,충남 천안시 동남구 수신면 수신로 459,041-522-0104
33,유치원,병천초등학교병설유치원,1,3,31254,충남 천안시 동남구 병천면 병천2로 35,041-564-1021
34,유치원,천동초등학교병설유치원,1,5,31258,충남 천안시 동남구 동면 동산1길 59,041-553-4013
35,유치원,성환초등학교병설유치원,1,10,31015,충남 천안시 서북구 성환읍 성환12길 37,041-581-9555
36,유치원,성신초등학교병설유치원,1,5,31014,충남 천안시 서북구 성환읍 성환12길 7,041-581-1820
37,유치원,대홍초등학교병설유치원,0,0,31005,충남 천안시 서북구 성환읍 잠실길 4,041-581-1017
38,유치원,신가초등학교병설유치원,1,6,31001,충남 천안시 서북구 성환읍 성환신흥2길 2,041-581-2705
39,유치원,신방초등학교병설유치원,1,8,31000,충남 천안시 서북구 성환읍 신방로 73,041-582-1925
40,유치원,도하초등학교병설유치원,1,4,31005,충남 천안시 서북구 성환읍 연암로 382,041-581-1503
41,유치원,직산초등학교병설유치원,1,1,31032,충남 천안시 서북구 직산읍 직산안길 79,041-581-3708
42,유치원,삼은초등학교병설유치원,2,10,31037,충남 천안시 서북구 직산읍 삼은2길 11,041-583-0046
43,유치원,양당초등학교병설유치원,0,0,31029,충남 천안시 서북구 직산읍 양당1길 9-12,041-584-0015
44,유치원,성거초등학교병설유치원,1,9,31046,충남 천안시 서북구 성거읍 소댕이3길 606-21,041-555-4684
45,유치원,입장초등학교병설유치원,1,3,31055,충남 천안시 서북구 입장면 하장4길 19,041-585-3995
46,유치원,천안일봉유치원,8,70,31154,충남 천안시 동남구 다가2길 3,041-577-1923
47,유치원,천안도솔유치원,11,85,31111,충남 천안시 서북구 두정역동3길 3,041-522-9791
48,유치원,천안성정유치원,6,64,31141,충남 천안시 서북구 성정7길 3,041-571-1057
49,유치원,천안버들유치원,13,208,31156,충남 천안시 서북구 불당23로 41,041-906-7771
50,유치원,천안성성유치원,12,156,31079,충남 천안시 서북구 성성10길 10-4,041-564-1832
51,유치원,천안꽃마루유치원,12,176,31078,충남 천안시 서북구 성성6로 37,041-418-5040
52,유치원,천안불당유치원,14,208,31156,충남 천안시 서북구 불당27로 12,041-567-1571
53,유치원,천안신촌초등학교병설유치원,1,7,31177,충남 천안시 동남구 신촌4로 9,041-577-6858
54,유치원,소망초등학교병설유치원,1,3,31048,충남 천안시 서북구 성거읍 역전말3길 102 ,041-587-0072
55,유치원,천안새샘초등학교병설유치원,1,4,31207,충남 천안시 동남구 통정9로 58,041-413-2390
56,유치원,양대초등학교병설유치원,0,0,31055,충남 천안시 서북구 입장면 성진로 858,041-584-5077
57,유치원,천안차암초등학교병설유치원,3,44,31085,충남 천안시 서북구 스마일시티1로 50,041-413-3502
58,유치원,천안불무초등학교병설유치원,5,72,31156,충남 천안시 서북구 불당23로 29,041-565-9975
59,유치원,천안한들초등학교병설유치원,4,21,31096,충남 천안시 서북구 한들2로 33,041-551-5804
60,유치원,천안백석초등학교병설유치원,2,27,31158,충남 천안시 서북구 백석3로 98,041-622-8486
61,유치원,천안희망초등학교병설유치원,3,36,31115,충남 천안시 동남구 단대로 21-7,041-622-6427
62,유치원,천안호수초등학교병설유치원,4,52,31167,충남 천안시 서북구 공원로 140,041-533-5362
63,유치원,천안가람초등학교병설유치원,4,53,31078,충남 천안시 서북구 성성6로 47-11,041-415-2473
64,유치원,천안능수초등학교병설유치원,4,36,31212,충남 천안시 동남구 청당용평로 112,041-414-2585
65,유치원,복자유치원,4,61,31131,충남 천안시 동남구 옛시청길 32,041-567-9666
66,유치원,색동유치원,2,38,31141,충남 천안시 서북구 성정6길 8-7,041-575-4131
67,유치원,대한유치원,9,186,31133,충남 천안시 서북구 동서대로110-24,041-575-3990
68,유치원,중앙유치원,5,83,31137,충남 천안시 서북구 서부14길 55,041-575-9998
69,유치원,미래클유치원,6,113,31133,충남 천안시 서북구 쌍용대로 301 ,041-577-6622
70,유치원,자연유치원,5,73,31150,충남 천안시 동남구 양지4길 6-7,041-572-5306
71,유치원,예랑유치원,4,52,31166,충남 천안시 서북구 쌍용11길 33,041-571-2556
72,유치원,젤라유치원,6,147,31155,충남 천안시 서북구 미라3길 5,041-571-0033
73,유치원,호서대학교부속유치원,6,114,31066,충남 천안시 동남구 각원사길 69,041-560-8470
74,유치원,천안원광유치원,2,29,31120,충남 천안시 동남구 천안천9길 58,041-551-4974
75,유치원,새미기픈믈유치원,6,84,31137,충남 천안시 서북구 서부13길 39,041-572-0642
76,유치원,늘푸른유치원,8,190,31099,충남 천안시 서북구 늘푸른6길 41,041-554-9413
77,유치원,한사랑유치원,4,73,31102,충남 천안시 서북구 두정중5길 22,041-555-5274
78,유치원,더그림유치원(구 한라유치원),7,114,31185,충남 천안시 동남구 서부대로 226-12,041-578-2500
79,유치원,늘사랑유치원,9,155,31161,충남 천안시 서북구 봉서산샛길 67,041-578-3111
80,유치원,미래유치원,11,197,31095,충남 천안시 서북구 백석로 17-17,041-551-3233
81,유치원,또바트유치원(구 예스유치원),3,20,31177,충남 천안시 동남구 신촌4로 16,041-572-0272
82,유치원,푸른별유치원,5,89,31172,충남 천안시 서북구 쌍용14길 66,041-578-1777
83,유치원,좋은유치원,3,39,31172,충남 천안시 서북구 쌍용18길 18,041-578-4422
84,유치원,엔젤유치원,5,66,31171,충남 천안시 서북구 월봉7길 77,041-579-6755
85,유치원,아이캔유치원,6,105,31117,충남 천안시 동남구 중앙로 281-5,041-558-7942
86,유치원,우리유치원,14,295,31099,충남 천안시 서북구 부성1길 51-10,041-522-5201
87,유치원,유한유치원,6,91,31179,충남 천안시 서북구 월봉9길 7,041-577-3511
88,유치원,세중아유치원,15,271,31150,충남 천안시 동남구 양지2길 22,041-573-6477
89,유치원,행복한리더로유치원,15,300,31090,충남 천안시 서북구 오성6길 27,041-523-7600
90,유치원,백향목유치원,12,253,31206,충남 천안시 동남구 배울1길 16,041-573-5829
91,유치원,세화유치원,7,130,31175,충남 천안시 서북구 충무로 158-23,041-573-6400
92,유치원,아이숲유치원,7,138,31181,충남 천안시 서북구 다가말 2길 26,041-577-7179
93,유치원,사랑유치원,6,78,31008,충남 천안시 서북구 성환읍 신방로 336-11,041-581-4757
94,유치원,동심유치원,4,87,31046,충남 천안시 서북구 성거읍 소댕이3길 13,041-622-3645
95,유치원,동화유치원,4,71,31050,충남 천안시 서북구 성거읍 신월길 42,041-583-5034
96,유치원,새천안유치원,5,73,31038,충남 천안시 서북구 직산읍 자은가리1길 68-1,041-585-3600
97,유치원,은파유치원,1,7,31246,충남 천안시 동남구 목천읍 운전3길 20,041-557-9596
98,유치원,색종이유치원,0,0,31232,충남 천안시 동남구 목천읍 동평1길 49,041-557-1363
99,유치원,하얀유치원,3,53,31226,충남 천안시 동남구 목천읍 삼성5길 54,041-621-5544
100,유치원,아이세상유치원,2,18,31046,충남 천안시 서북구 성거읍 망향로 528-3,041-562-1193
101,유치원,가원유치원,7,118,31233,충남 천안시 동남구 목천읍 목천안터1길 55,041-562-1004
102,유치원,도담유치원,6,121,31030,충남 천안시 서북구 직산읍 양당율금길 4-24,041-585-7179
103,유치원,화랑유치원,2,15,31055,충남 천안시 서북구 입장면 하장1길10-6,041-583-9286
104,유치원,백석대학교부속유치원,6,108,31197,충남 천안시 동남구 청수7로 30-15,041-558-1580
105,유치원,세실유치원,3,34,31205,충남 천안시 동남구 통정6로 46,041-578-8034
106,유치원,명문유치원,6,100,31208,충남 천안시 동남구 통정8로 5-23,041-578-8010
107,유치원,셀라유치원,9,178,31184,충남 천안시 동남구 용곡2길 43-22,041-574-1000
108,유치원,아이솔유치원,12,247,31095,충남 천안시 서북구 번영로 306-8,041-523-7770
109,유치원,좋은나무숲유치원,8,172,31197,충남 천안시 동남구 청수7로 6,041-565-3355
110,유치원,백석유치원,13,235,31097,충남 천안시 서북구 한들2로 34-42,041-621-8010
111,유치원,해여림유치원,18,334,31091,충남 천안시 서북구 한들4로 75,041-554-3217
112,유치원,이튼유치원,20,386,31156,충남 천안시 서북구 불당18로 33,041-567-7111
113,유치원,신관유치원,6,72,32576,충남 공주시 번영1로 97-9,041-853-9935
114,유치원,공주중동초등학교병설유치원,2,16,32563,충남 공주시 웅진로 146-5,041-850-9606
115,유치원,공주금학초등학교병설유치원,1,3,32564,충남 공주시 공주고담길 19,041-856-8775
116,유치원,태봉초등학교병설유치원,0,0,32600,충남 공주시 원태봉길57(태봉동),041-852-8007
117,유치원,공주봉황초등학교병설유치원,1,3,32549,충남 공주시 오거리길5,041-854-2203
118,유치원,효포초등학교병설유치원,0,0,32596,충남 공주시 전진배길313(신기동),041-852-5371
119,유치원,공주교동초등학교병설유치원,2,11,32542,충남 공주시 용당길 69-6,041-854-3927
120,유치원,공주신월초등학교병설유치원,3,38,32579,충남 공주시 번영1로 193(신관동),041-881-5016
121,유치원,유구초등학교병설유치원,1,7,32506,충남 공주시 유구읍 유구초교길 12,041-841-7964
122,유치원,구산초등학교병설유치원,1,8,32508,충남 공주시 유구읍 유구마곡사로 61-1,041-841-8589
123,유치원,이인초등학교병설유치원,1,2,32607,충남 공주시 이인면 은행길56,041-857-7922
124,유치원,탄천초등학교병설유치원,1,5,32609,충남 공주시 탄천면 통산로 168,041-853-4276
125,유치원,계룡초등학교병설유치원,1,6,32616,충남 공주시 계룡면 영규대사로 459,041-857-9125
126,유치원,경천초등학교병설유치원,1,4,32619,충남 공주시 계룡면 신원사로112,041-852-4030
127,유치원,반포초등학교병설유치원,1,3,32622,충남 공주시 반포면 반포초교길 97,070-7606-1514
128,유치원,학봉초등학교병설유치원,1,9,32626,충남 공주시 반포면 동학사 1로 141-10,042-825-4068
129,유치원,의당초등학교병설유치원,1,6,32518,충남 공주시 의당면 의당초교길 49,041-854-4073
130,유치원,수촌초등학교병설유치원,1,3,35311,충남 공주시 윗태실길 1-8,041-858-1015
131,유치원,정안초등학교병설유치원,1,6,32512,충남 공주시 정안면 내촌리 정안중앙길79,041-858-9577
132,유치원,석송초등학교병설유치원,1,4,32513,충남 공주시 정안면 마래섭들길56,041-858-0386
133,유치원,우성초등학교병설유치원,1,6,32531,충남 공주시 우성면 동대리길 33,041-853-2486
134,유치원,귀산초등학교병설유치원,1,12,32528,충남 공주시 우성면 귀산길 81-15,041-854-7302
135,유치원,상서초등학교병설유치원,0,0,32530,충남 공주시 우성면 우성길 137-37,041-853-0544
136,유치원,호계초등학교병설유치원,1,5,32523,충남 공주시 사곡면 마곡사로 149-12,041-841-5883
137,유치원,마곡초등학교병설유치원,1,3,32520,충남 공주시 사곡면 운정길 29-10,041-841-8013
138,유치원,신풍초등학교병설유치원,1,6,32525,충남 공주시 신풍면 신풍길50-11,041-841-6493
139,유치원,덕암초등학교병설유치원,1,1,32500,충남 공주시 유구읍 금계산로 943,041-841-6351
140,유치원,공주대학교사범대학부설유치원,6,88,32576,충남 공주시 신관동 공주대학로 56(신관캠퍼스 내),041-850-6052
141,유치원,근화유치원,3,62,32562,충남 공주시 성당길 9,041-856-1035
142,유치원,원효유치원,0,0,32550,충남 공주시 봉황산 2길 18,041-855-0444
143,유치원,자람터유치원,3,55,32578,충남 공주시 신금1길 62-9,041-881-8206
144,유치원,한국영상대학교부설유치원,8,141,32514,충남 공주시 정안면 화봉평정길 48,041-852-8530
145,유치원,행복한울타리유치원,3,70,32593,충남 공주시 월송동현로 70(월송동),041-857-7942
146,유치원,명천유치원,7,94,33481,충남 보령시 주공로 119,041-931-8862
147,유치원,대천초등학교병설유치원,1,8,33439,충남 보령시 대천로 59,041-931-1403
148,유치원,대천동대초등학교병설유치원,3,52,33430,충남 보령시 한내로터리길 137-12,041-931-7937
149,유치원,청룡초등학교병설유치원,1,4,33491,충남 보령시 대해로 646,041-933-3587
150,유치원,청룡초등학교장고분교장병설유치원,0,0,33411,충남 보령시 오천면 장고도2길 18,041-936-4982
151,유치원,청파초등학교병설유치원,0,0,33489,충남 보령시 대천항로 235,041-931-4734
152,유치원,웅천초등학교병설유치원,0,0,33519,충남 보령시 웅천읍 충서로 1035,041-931-2984
153,유치원,대창초등학교병설유치원,1,5,33522,충남 보령시 웅천읍 방축길 90-43,041-934-6694
154,유치원,관당초등학교병설유치원,0,0,33507,충남 보령시 웅천읍 무창포로 309,041-936-3818
155,유치원,주포초등학교병설유치원,1,2,33414,충남 보령시 주포면 보령읍성길 87-22,041-932-6780
156,유치원,관창초등학교병설유치원,1,3,33426,충남 보령시 주교면 한술1길 17,041-932-3540
157,유치원,송학초등학교병설유치원,1,3,33409,충남 보령시 주교면 토정로 796-52,041-934-7095
158,유치원,오천초등학교병설유치원,1,8,33412,충남 보령시 오천면 충청수영로 822,041-932-9858
159,유치원,오천초등학교삽시분교장병설유치원,1,1,33411,충남 보령시 오천면 삽시도1길 159-34,041-932-3895
160,유치원,천북초등학교병설유치원,1,5,33402,충남 보령시 천북면 하궁길 45,041-641-9018
161,유치원,낙동초등학교병설유치원,0,0,33403,충남 보령시 천북면 천광로 421-6,041-641-6991
162,유치원,청소초등학교병설유치원,1,2,33418,충남 보령시 청소면 청소큰길 225,041-932-9776
163,유치원,남포초등학교병설유치원,1,4,33495,충남 보령시 남포면 읍성향교길 21,041-934-2343
164,유치원,주산초등학교병설유치원,1,4,33517,충남 보령시 주산면 충서로 416,041-933-6064
165,유치원,청라초등학교병설유치원,1,11,33424,충남 보령시 청라면 원모루길 205,041-933-8038
166,유치원,청보초등학교병설유치원,1,4,33423,충남 보령시 청라면 대청로 759,041-931-1430
167,유치원,옥계초등학교병설유치원,1,5,33421,충남 보령시 청라면 죽성로 681,041-936-1025
168,유치원,월전초등학교병설유치원,1,6,33501,충남 보령시 남포면 곡촌길 11,041-934-1094
169,유치원,개화초등학교병설유치원,1,3,33486,충남 보령시 성주면 성주산로 735,041-933-9511
170,유치원,성주초등학교병설유치원,1,3,33485,충남 보령시 성주면 성주초교길 8,041-934-3484
171,유치원,미산초등학교병설유치원,1,8,33512,충남 보령시 미산면 판미로 1462-7,041-933-4178
172,유치원,청파초등학교외연도분교장병설유치원,1,1,33411,충남 보령시 오천면 외연도1길 134,041-936-6780
173,유치원,광명초등학교병설유치원,0,0,33411,충남 보령시 오천면 원산도3길 151-11,041-936-6109
174,유치원,보령창미유치원,6,68,33447,충남 보령시 주교면 토정로 218,041-931-9534
175,유치원,꿈바위유치원,3,57,33430,충남 보령시 한내여중길 66,041-936-1968
176,유치원,상아유치원,9,175,33443,충남 보령시 봉황로 91,041-936-2226
177,유치원,제일유치원,10,209,33441,충남 보령시 대고로 20,041-934-1255
178,유치원,온양동신유치원,6,80,31526,충남 아산시 번영로 234번길52,041-548-3345
179,유치원,온양초등학교병설유치원,1,4,31562,충남 아산시 온주길 26번길 10,041-549-7036
180,유치원,온양온천초등학교병설유치원,5,33,31520,충남 아산시 청운로 90,041-544-9822
181,유치원,온양초사초등학교병설유치원,1,6,31559,충남 아산시 초사길 122,041-532-2139
182,유치원,온양천도초등학교병설유치원,4,32,31504,충남 아산시 실옥로 45,041-544-4860
183,유치원,신리초등학교병설유치원,4,52,31517,충남 아산시 모종로 73-13,041-425-2095
184,유치원,신광초등학교병설유치원,2,10,32530,충남 아산시 서부북로 993,041-534-7217
185,유치원,온양중앙초등학교병설유치원,1,6,31570,충남 아산시 중앙로 17,041-546-5909
186,유치원,용화초등학교병설유치원,1,8,31569,충남 아산시 시민로 258번길 3-8,041-549-7490
187,유치원,온양신정초등학교병설유치원,2,10,31502,충남 아산시 온천대로 1333번길 29,041-532-7920
188,유치원,아산초등학교병설유치원,4,41,31580,충남 아산시 남부로 266,041-549-6294
189,유치원,송남초등학교병설유치원,1,10,31557,충남 아산시 송악면 송악로 802,041-543-9704
190,유치원,거산초등학교병설유치원,1,6,31584,충남 아산시 송악면 외암로 460,041-542-9155
191,유치원,금곡초등학교병설유치원,4,30,31581,충남 아산시 배방읍 고불로 563-4,041-549-9016
192,유치원,동방초등학교병설유치원,0,0,31474,충남 아산시 배방읍 휴대안길 10,041-548-3855
193,유치원,연화초등학교병설유치원,3,27,31467,충남 아산시 배방읍 연화로 43,041-549-8565
194,유치원,아산용연초등학교병설유치원,4,47,31463,충남 아산시 배방읍 용연동길 25,041-541-7106
195,유치원,아산공수초등학교병설유치원,5,70,31480,충남 아산시 배방읍 모산로 38-59,041-424-7904
196,유치원,탕정초등학교병설유치원,3,35,31457,충남 아산시 탕정면 탕정면로 105,041-544-5873
197,유치원,동덕초등학교병설유치원,3,26,31458,충남 아산시 탕정면 탕정면로 381 ,041-533-3814
198,유치원,탕정미래초등학교병설유치원,4,40,31457,충남 아산시 탕정면 탕정면로 54-15 ,041-549-6815
199,유치원,염티초등학교병설유치원,1,3,31445,충남 아산시 염치읍 염치로 49,041-541-8734
200,유치원,송곡초등학교병설유치원,0,0,31450,충남 아산시 염치읍 송곡길 112,041-549-1095
201,유치원,음봉초등학교병설유치원,1,9,31443,충남 아산시 음봉면 아산온천로 517,041-544-2805
202,유치원,월랑초등학교병설유치원,5,70,31416,충남 아산시 음봉면 음봉로 515-50,041-541-4742
203,유치원,쌍룡초등학교병설유치원,1,4,31414,충남 아산시 음봉면 연암율금로 499,041-545-6999
204,유치원,산동초등학교병설유치원,4,44,31418,충남 아산시 음봉면 산동희망로 10,041-427-7051
205,유치원,둔포초등학교병설유치원,2,13,31405,충남 아산시 둔포면 둔포중앙로 161번길 7 ,041-531-0054
206,유치원,염작초등학교병설유치원,3,47,31406,충남 아산시 둔포면 아산밸리중앙로 33,041-531-1123
207,유치원,남창초등학교병설유치원,1,6,31401,충남 아산시 둔포면 신남북길 16,041-531-8844
208,유치원,관대초등학교병설유치원,1,12,31411,충남 아산시 둔포면 산전길 19,041-531-1590
209,유치원,선장초등학교병설유치원,1,2,31546,충남 아산시 선장면 서부남로 21,041-542-0731
210,유치원,도고초등학교병설유치원,1,7,31552,충남 아산시 도고면 도고산로 598,041-544-3811
211,유치원,도고온천초등학교병설유치원,0,0,31550,충남 아산시 도고면 도고면로 73,041-542-0029
212,유치원,신창초등학교병설유치원,1,5,31462,충남 아산시 신창면 서부남로 840번길 26,041-541-5173
213,유치원,오목초등학교병설유치원,1,5,31534,충남 아산시 신창면 서부북로 547,041-542-7263
214,유치원,배방유치원,8,105,31487,충남 아산시 배방읍 북수로 25번길 10,041-549-0141
215,유치원,아산흰돌유치원,6,66,31402,충남 아산시 영인면 아산호로 229 ,041-549-6313
216,유치원,아산월천유치원,10,76,31494,충남 아산시 배방읍 월천3길 16,041-549-6742
217,유치원,한들물빛유치원,13,208,31465,충남 아산시 탕정면 한들물빛1로 48,041-910-8301
218,유치원,아산세교유치원,15,222,31473,충남 아산시 배방읍 세교중앙1길 9,041-532-3521
219,유치원,한들물빛초등학교병설유치원,4,52,31465,충남 아산시 탕정면 한들물빛도시로 49,041-424-8404
220,유치원,아산갈산초등학교병설유치원,4,52,31461,충남 아산시 탕정면 갈산교로 210,041-532-7106
221,유치원,온양제일유치원,3,71,31524,충남 아산시 모종북로17,041-533-5074
222,유치원,룸비니글로벌유치원,7,93,31539,충남 아산시 신정로 183,041-548-3553
223,유치원,삼일푸른유치원,6,109,31419,충남 아산시 음봉면 음봉로 847,041-532-0990
224,유치원,프라임유치원,7,153,31491,충남 아산시 배방읍 북수로 111번길 6-9,041-533-3852
225,유치원,자연유치원,7,100,31479,충남 아산시 배방읍 공수길 120-14,041-548-5611
226,유치원,숲속성광유치원,9,177,31580,충남 아산시 남부로 370-54,041-542-9977
227,유치원,수정명문유치원,5,101,31567,충남 아산시 시민로291번길 30-6,041-546-8290
228,유치원,해와달유치원,4,61,31531,충남 아산시 서부북로 956,041-531-7979
229,유치원,대명아이웰유치원,5,65,31568,충남 아산시 시민로 208번길 3-7,041-534-0017
230,유치원,아이사랑유치원,10,191,31579,충남 아산시 남부로 321-19,041-542-8881
231,유치원,빛나유치원,3,48,33652,충남 아산시 온천대로 1092번길 75,041-545-0400
232,유치원,아주나유치원,13,272,31462,충남 아산시 배방읍 용연동길 48,041-545-7400
233,유치원,하늘유치원,6,122,31504,충남 아산시 문화로 26-9,041-532-5008
234,유치원,아이세상유치원,6,75,31531,충남 아산시 온천대로 1105-17,041-532-0271
235,유치원,수정아트유치원,5,103,31567,충남 아산시 시민로 291번길 31-5,041-543-8290
236,유치원,아해랑유치원,10,183,31450,충남 아산시 염치읍 송곡남길 82-5,041-532-1005
237,유치원,삼성샛별유치원,13,222,31456,충남 아산시 탕정면 탕정면로 22번길 13,041-531-6701
238,유치원,하나유치원,6,83,31486,충남 아산시 배방읍 모산로126번길 17-7,041-532-0065
239,유치원,일심유치원,7,111,31495,충남 아산시 배방읍 봉강천로 171,041-546-6435
240,유치원,세종유치원,15,300,31462,충남 아산시 배방읍 용연동길 54,041-547-6601
241,유치원,사랑유치원,15,300,31406,충남 아산시 둔포면 아산밸리중앙로 36,041-541-6336
242,유치원,예지슬유치원,15,282,31416,충남 아산시 음봉면 월암로 199번길 119-15,041-425-2100
243,유치원,큰곰유치원,12,231,31405,충남 아산시 둔포면 둔포로38번길 135-18,041-543-7007
244,유치원,서산서림유치원,6,53,31999,충남 서산시 덕지천로 104(석남동),041-667-9553
245,유치원,서산초등학교병설유치원,5,33,31983,충남 서산시 중앙로 38-1,041-665-1312
246,유치원,서동초등학교병설유치원,2,19,31979,충남 서산시 쌍연남1로 19-5,041-681-8055
247,유치원,오산초등학교병설유치원,1,4,32009,충남 서산시 덕지천로 436,041-669-2709
248,유치원,서령초등학교병설유치원,1,3,32007,충남 서산시 남부순환로 749,041-665-7779
249,유치원,부춘초등학교병설유치원,2,22,31985,충남 서산시 양유정 3로 9 (읍내동 130),041-669-2236
250,유치원,학돌초등학교병설유치원,3,19,31971,충남 서산시 부춘1로 35(읍내동),041-668-8612
251,유치원,서산석림초등학교병설유치원,2,27,32003,충남 서산시 동서1로 41-6 ,041-668-6093
252,유치원,예천새뜰유치원,10,113,31998,충남 서산시 예천7로 49-10,041-664-9918
253,유치원,서산예천초등학교병설유치원,2,23,31998,충남 서산시 예천 1로 3-21,041-681-5477
254,유치원,서산동문초등학교병설유치원,2,13,31967,충남 서산시 쌍연북 2로 31,041-668-7916
255,유치원,서산서남초등학교병설유치원,5,52,31998,충남 서산시 예천2로 19,041-671-5000
256,유치원,대산초등학교병설유치원,1,11,31909,충남 서산시 대산읍 구진로 40-5,041-669-0152
257,유치원,명지초등학교병설유치원,0,0,31907,충남 서산시 대산읍 명지3로25,041-664-9286
258,유치원,서산대진초등학교병설유치원,1,4,31906,충남 서산시 대산읍 기은아섬길 16,041-681-7055
259,유치원,인지초등학교병설유치원,1,6,32015,충남 서산시 인지면 둔산1길 1,041-662-1045
260,유치원,차동초등학교병설유치원,1,6,32012,충남 서산시 인지면 차동길 140,041-662-1709
261,유치원,부석초등학교병설유치원,1,3,32019,충남 서산시 부석면 취평 2길 37-6,041-669-0935
262,유치원,강당초등학교병설유치원,1,4,32021,충남 서산시 부석면 인정로 183,041-669-6865
263,유치원,가사초등학교병설유치원,1,3,32017,충남 서산시 부석면 강경벌로 478,041-662-1396
264,유치원,팔봉초등학교병설유치원,1,8,31923,충남 서산시 팔봉면 한재무두리1길 233,041-669-6020
265,유치원,부성초등학교병설유치원,2,14,31919,충남 서산시 지곡면 화천1로 83,041-664-4512
266,유치원,성연유치원,14,194,31930,충남 서산시 성연면 옥동샘길 11-8,041-664-7641
267,유치원,음암초등학교병설유치원,1,14,31936,충남 서산시 음암면 도당로 5,041-669-6215
268,유치원,동암초등학교병설유치원,1,14,31941,충남 서산시 음암면 동암마을길 14-3,041-669-2298
269,유치원,운산초등학교병설유치원,1,6,31945,충남 서산시 운산면 운암로 1037,041-669-6350
270,유치원,운신초등학교병설유치원,1,8,31948,충남 서산시 운산면 해운로 539,041-688-4105
271,유치원,해미초등학교병설유치원,2,12,31960,충남 서산시 해미면 성지1로 81,041-688-1592
272,유치원,언암초등학교병설유치원,1,4,31959,충남 서산시 해미면 기지1길 27,041-688-9046
273,유치원,고북초등학교병설유치원,1,2,32027,충남 서산시 고북면 고북3로 19,041-669-6304
274,유치원,천사유치원,5,88,31975,충남 서산시 서령로 53,041-669-1004
275,유치원,서광유치원,5,92,31970,충남 서산시 부춘산1로 17,041-666-1510
276,유치원,삼성유치원,4,53,32007,충남 서산시 남부순환로767,041-664-3144
277,유치원,꿈동산유치원,0,0,32002,충남 서산시 벌말1길 25,041-667-3937
278,유치원,대장유치원,6,135,31912,충남 서산시 대산읍 탑성골 2길 33,041-663-8380
279,유치원,아이숲유치원,0,0,32013,충남 서산시 인지면 풍전2길 80-6,041-669-7814
280,유치원,우리유치원,7,133,32015,충남 서산시 인지면 둔산1길 115-11,041-667-8771
281,유치원,서정유치원,7,152,31973,충남 서산시 부춘3로 9,041-664-5335
282,유치원,늘푸른유치원,5,78,31920,충남 서산시 지곡면 충의로 762-95,041-664-5748
283,유치원,해맑은유치원,5,86,31995,충남 서산시 석남2로 18-13,041-669-9414
284,유치원,강경중앙초등학교병설유치원,4,26,32934,논산시 강경읍 옥녀봉로 8,041-745-0678
285,유치원,강경산양초등학교병설유치원,0,0,32942,논산시 강경읍 산양길 45,041-745-2219
286,유치원,강경황산초등학교병설유치원,0,0,32936,논산시 강경읍 대흥로34번길 5 ,041-745-0263
287,유치원,구자곡초등학교병설유치원,1,5,33011,논산시 연무로 369(연무읍),041-980-2997
288,유치원,연무초등학교병설유치원,1,3,33013,논산시 연무읍 득안대로 527번지,041-742-6961
289,유치원,연무중앙초등학교병설유치원,1,5,33008,논산시 연무읍 연무로 211-14,041-741-4112
290,유치원,성동초등학교병설유치원,1,3,32927,논산시 성동면 성동로 240번길 30,041-734-2622
291,유치원,원봉초등학교병설유치원,0,0,32926,논산시 성동면 성동로 552,041-734-6084
292,유치원,광석초등학교병설유치원,1,3,32922,논산시 광석면 사계로 451,041-732-8015
293,유치원,왕전초등학교병설유치원,1,4,32920,논산시 광석면 왕전2길 12,041-733-8069
294,유치원,노성초등학교병설유치원,1,3,32902,논산시 노성면 노성로 507번길 11,041-736-5580
295,유치원,상월초등학교병설유치원,1,4,32904,논산시 상월면 신충리 백일헌로 1025-13,041-733-3757
296,유치원,부적초등학교병설유치원,1,2,32917,논산시 부적면 남마구평길 70,041-733-7087
297,유치원,감곡초등학교병설유치원,1,2,32916,논산시 부적면 계백로 1676-26,041-732-7066
298,유치원,연산초등학교병설유치원,1,9,32911,논산시 연산면 연산5길 13,041-735-0665
299,유치원,청동초등학교병설유치원,1,4,32913,논산시 연산면 선비로 293번길 29-5,041-735-0532
300,유치원,백석초등학교병설유치원,1,4,32909,논산시 연산면 선비로 726,041-734-3866
301,유치원,벌곡초등학교병설유치원,1,7,33026,논산시벌곡면대둔로821-8,041-734-1690
302,유치원,도산초등학교병설유치원,1,9,33028,논산시 벌곡면 수락로 23,041-733-9781
303,유치원,양촌초등학교병설유치원,1,3,33023,논산시 양촌면 매죽헌로 1665번길 22,041-741-3324
304,유치원,반곡초등학교병설유치원,2,11,33021,논산시 양촌면 황산벌로 1126번길 5,041-736-3053
305,유치원,가야곡초등학교병설유치원,1,3,33019,논산시 가야곡면 덕은로 160,041-742-1603
306,유치원,성덕초등학교병설유치원,1,3,32999,논산시 은진면 원앙로 1174 ,041-742-6243
307,유치원,채운초등학교병설유치원,1,6,32945,논산시 채운면 채운로 112,041-980-3274
308,유치원,이화초등학교병설유치원,1,5,32946,논산시 채운면 채운로350,041-742-4556
309,유치원,놀뫼유치원,8,100,32947,논산시 대화로 121,041-733-8626
310,유치원,논산유치원,2,16,32968,논산시해월로173-4,041-733-1274
311,유치원,성심유치원,2,40,32950,논산시 대화로 24,041-736-4015
312,유치원,동산유치원,3,43,33008,논산시 연무읍 안심로 122-19,041-741-6622
313,유치원,쌘뽈유치원,4,89,32996,논산시 은진면 탑정로 265-22,041-742-8958
314,유치원,두마초등학교병설유치원,2,11,32837,계룡시 두마면 팥거리길160,042-841-5475
315,유치원,신도초등학교병설유치원,5,33,32819,계룡시 엄사면 번영3길 82,042-841-9863
316,유치원,금암초등학교병설유치원,4,48,32824,계룡시 장안로104,042-841-9737
317,유치원,계룡솔빛유치원(구 엄사유치원),3,31,32812,계룡시 엄사면 엄사중앙로 66,042-841-0058
318,유치원,성모유치원,6,129,32801,계룡시 신도안면 신도안1길 72,042-551-0181
319,유치원,원광유치원,0,0,32806,계룡시 엄사면 번영 4길 3-8,042-841-1787
320,유치원,본부유치원,6,113,32801,계룡시 신도안면 신도아2길 95,042-551-3546
321,유치원,세종유치원,10,194,32833,계룡시 금암3길 12,042-841-7252
322,유치원,당진용연유치원,6,90,31788,충남 당진시 용연로 19-19,041-354-3861
323,유치원,당진초등학교병설유치원,2,28,31776,충남 당진시 교동길 106,041-352-3105
324,유치원,성당초등학교병설유치원,1,8,31789,충남 당진시 역천로 222,041-355-5188
325,유치원,계성초등학교병설유치원,3,23,31771,충남 당진시 당진중앙1로 290,041-355-9328
326,유치원,탑동초등학교병설유치원,4,53,31780,충남 당진시 대호만로 12,041-355-1937
327,유치원,대덕초등학교병설유치원,3,52,31787,충남 당진시 대덕1로 80,041-430-0174
328,유치원,수청초등학교병설유치원,3,52,31817,충남 당진시 수청2로 37,041-358-9872
329,유치원,합덕초등학교병설유치원,0,0,31813,충남 당진시 합덕읍 덕평로 508,041-363-0515
330,유치원,합도초등학교병설유치원,1,9,31811,충남 당진시 합덕읍 면천로 1538,041-363-1685
331,유치원,신촌초등학교병설유치원,1,4,31815,충남 당진시 합덕읍 상덕로 620-13,041-362-4822
332,유치원,고대초등학교병설유치원,2,18,31793,충남 당진시 고대면 고대로 206,041-353-4041
333,유치원,고산초등학교병설유치원,1,7,31791,충남 당진시 고대면 서집들길 55,041-353-3820
334,유치원,석문초등학교병설유치원,1,14,31703,충남 당진시 석문면 다리들길7,041-352-9241
335,유치원,삼봉초등학교병설유치원,1,5,31706,충남 당진시 석문면 대호만로 1722-1,041-353-0042
336,유치원,초락초등학교병설유치원,1,7,31707,충남 당진시 석문면 샛터말길35,041-353-0604
337,유치원,조금초등학교병설유치원,1,8,31798,충남 당진시 대호지면 4.4 만세로 23,041-353-3126
338,유치원,정미초등학교병설유치원,1,7,31802,충남 당진시 정미면 운정로 642,041-353-1078
339,유치원,천의초등학교병설유치원,1,10,31800,충남 당진시 정미면 천평로 30,041-352-9409
340,유치원,면천초등학교병설유치원,1,4,31804,충남 당진시 면천면 면천서문1길 33,041-356-3096
341,유치원,순성초등학교병설유치원,2,25,31757,충남 당진시 순성면 순성로 473,041-353-5381
342,유치원,북창초등학교병설유치원,1,8,31759,충남 당진시 순성면 붉은재길68,041-362-3599
343,유치원,우강초등학교병설유치원,2,10,31754,충남 당진시 우강면 우강송산로 183-7,041-362-9017
344,유치원,신평초등학교병설유치원,1,8,31741,충남 당진시 신평면 원머리로 7,041-363-1358
345,유치원,서정초등학교병설유치원,2,23,31748,충남 당진시 신평면 거산3거리길 28-1,041-363-3115
346,유치원,한정초등학교병설유치원,1,5,31743,충남 당진시 신평면 샛터로 172 ,041-362-5172
347,유치원,송악초등학교병설유치원,1,12,31728,충남 당진시 송악읍 송악로 663-1,041-358-3040
348,유치원,전대초등학교병설유치원,1,6,31729,충남 당진시 송악읍 신평로 1185,041-357-8202
349,유치원,상록초등학교병설유치원,2,24,31723,충남 당진시 송악읍 송악로 1024,041-356-7079
350,유치원,송산초등학교병설유치원,1,10,31714,충남 당진시 송산면 상거길 19-1,041-353-8081
351,유치원,당산초등학교병설유치원,2,17,31713,충남 당진시 송산면 당산2로 185,041-356-0075
352,유치원,유곡초등학교병설유치원,1,8,31711,충남 당진시 송산면 송산로 821-17,041-353-4078
353,유치원,기지유치원,12,157,31732,충남 당진시 송악읍 틀모시로 897,041-356-7261
354,유치원,소화유치원,4,90,31769,충남 당진시 서문2길 28,041-356-1554
355,유치원,당진유치원,0,0,31717,충남 당진시 송산면 항거길 44-2,041-355-4007
356,유치원,성모유치원,3,51,31741,충남 당진시 신평면 신평길 63,041-363-6765
357,유치원,신성대학교부속유치원,6,132,31772,충남 당진시 무수동 7길 202,041-356-5761
358,유치원,글로벌꿈나래유치원,13,272,31771,충남 당진시 밤절로 30,041-356-6565
359,유치원,금성초등학교병설유치원,0,0,32707,충남 금산군 금성면 진산로 370,041-752-3010
360,유치원,금성초등학교금계분교장병설유치원,0,0,32716,충남 금산군 금성면 어필각로 448,041-753-7703
361,유치원,제원초등학교병설유치원,2,5,32723,충남 금산군 금산읍 제원면 제원3길 11,041-754-7023
362,유치원,부리초등학교병설유치원,1,3,32757,충남 금산군 부리면 현내로 81,041-754-0529
363,유치원,군북초등학교병설유치원,1,5,32718,충남 금산군 군북면 군북로 714 ,041-752-9769
364,유치원,용문초등학교병설유치원,1,10,32721,충남 금산군 군북면 시두물길 15,041-751-1656
365,유치원,상곡초등학교병설유치원,1,6,32717,충남 금산군 군북면 상곡길 34,041-753-7045
366,유치원,남일초등학교병설유치원,0,0,32758,충남 금산군 남일면 봉황로 83,041-752-1053
367,유치원,남이초등학교병설유치원,1,3,32751,충남 금산군 남이면 진악로 51,041-753-1016
368,유치원,진산초등학교병설유치원,1,5,32704,충남 금산군 진산면 읍내로 41,041-752-4040
369,유치원,복수초등학교병설유치원,1,3,32703,충남 금산군 복수면 복수로 137,041-753-8312
370,유치원,신대초등학교병설유치원,1,3,32701,충남 금산군 복수면 복수로 753,041-752-8212
371,유치원,추부초등학교병설유치원,1,8,32714,충남 금산군 추부면 하마전로 23,041-752-4938
372,유치원,성대초등학교병설유치원,1,3,32710,충남 금산군 추부면 군북로 1402,041-753-7168
373,유치원,백합유치원,4,66,32738,충남 금산군 금산읍 뒷담말길 38,041-752-7621
374,유치원,금산유치원,6,77,32742,충남 금산군 금산읍 진악로 1015,041-751-8478
375,유치원,부여유치원,6,93,33135,충남 부여군 부여읍 부소로 105-10,041-834-5226
376,유치원,백제초등학교병설유치원,2,7,33155,충남 부여군 부여읍 계백로321,041-833-7266
377,유치원,궁남초등학교병설유치원,1,6,33168,충남 부여군 부여읍 계백로 238-6,041-834-3325
378,유치원,대왕초등학교병설유치원,1,7,33160,충남 부여군 부여읍 금성로 150,041-834-6078
379,유치원,송간초등학교병설유치원,0,0,33127,충남 부여군 부여읍 삼충로 272번길 5,041-834-3346
380,유치원,규암초등학교병설유치원,4,35,33123,충남 부여군 규암면 계백로 3 ,041-835-6220
381,유치원,백강초등학교병설유치원,1,5,33116,충남 부여군 규암면 백제문로 251번길 20,041-835-9390
382,유치원,은산초등학교병설유치원,1,1,33313,충남 부여군 은산면 충의로 729,041-832-6390
383,유치원,외산초등학교병설유치원,0,0,33104,충남 부여군 외산면 만수로 421,041-836-5392
384,유치원,내산초등학교병설유치원,1,2,33195,충남 부여군 내산면 성충로 906,041-832-0878
385,유치원,구룡초등학교병설유치원,1,4,33191,충남 부여군 구룡면 태양로 25,041-832-2830
386,유치원,용당초등학교병설유치원,0,0,33190,충남 부여군 구룡면 용당로2번길 73,041-832-2193
387,유치원,홍산초등학교병설유치원,1,2,33200,충남 부여군 홍산면 홍산로 111번길 7,041-835-1095
388,유치원,옥산초등학교병설유치원,1,4,33205,충남 부여군 옥산면 대백제로 330,041-832-0091
389,유치원,마정초등학교병설유치원,0,0,33210,충남 부여군 남면 마정로 7-9,041-832-3190
390,유치원,충화초등학교병설유치원,1,2,33212,충남 부여군 충화면 팔충로 701,041-833-1095
391,유치원,양화초등학교병설유치원,1,1,33215,충남 부여군 양화면 충절로 215,041-833-3090
392,유치원,임천초등학교병설유치원,1,3,33219,충남 부여군 임천면 성흥로97번길15,041-832-1228
393,유치원,장암초등학교병설유치원,1,2,33183,충남 부여군 장암면 석동로 112,041-834-2625
394,유치원,세도초등학교병설유치원,1,2,33227,충남 부여군 세도면 세도로 68,041-834-4797
395,유치원,석성초등학교병설유치원,0,0,33179,충남 부여군 석성면 석성로 113-8,041-836-9088
396,유치원,석양초등학교병설유치원,1,9,33176,충남 부여군 석성면 증산로39번길 31,041-836-6190
397,유치원,초촌초등학교병설유치원,1,2,33175,충남 부여군 초촌면 초촌로 55,041-832-1076
398,유치원,부여중앙유치원,3,68,33152,충남 부여군 부여읍 사비로 75,041-833-7724
399,유치원,부여선교유치원,3,62,33138,충남 부여군 부여읍 성왕로 239-7,041-832-9497
400,유치원,옥토유치원,0,0,33159,충남 부여군 부여읍 성왕로 378,041-833-0795
401,유치원,장항초등학교병설유치원,3,10,33659,충남 서천군 장항읍 성주길6,041-956-6676
402,유치원,장항중앙초등학교병설유치원,2,18,33670,충남 서천군 장항읍 장항로121번길 7,041-956-1392
403,유치원,송림초등학교병설유치원,1,4,33658,충남 서천군 장항읍 옥도로 14,041-956-0621
404,유치원,서천초등학교병설유치원,4,52,33643,충남 서천군 서천읍 서천로98번길 5,041-953-6939
405,유치원,서남초등학교병설유치원,0,0,33653,충남 서천군 마서면 마서로 260번길 12,041-952-0307
406,유치원,마동초등학교병설유치원,1,5,33657,충남 서천군 마서면 원송로229,041-956-8909
407,유치원,송석초등학교병설유치원,1,7,33650,충남 서천군 마서면 송신로 432,041-952-8705
408,유치원,화양초등학교병설유치원,1,4,33629, 충남 서천군 화양면 화산로 64번길,041-951-2038
409,유치원,기산초등학교병설유치원,1,4,33628,충남 서천군 기산면 기산길 107,041-951-2049
410,유치원,한산초등학교병설유치원,1,2,33624,충남 서천군 한산면 한마로 48,041-952-3732
411,유치원,마산초등학교병설유치원,1,5,33622,충남 서천군 마산면 삼일로 327,041-952-9412
412,유치원,시초초등학교병설유치원,1,6,33620,충남 서천군 시초면 초현리 시초북로 31,041-952-4502
413,유치원,문산초등학교병설유치원,2,5,33617,충남 서천군 문산면 신농길 26-29,041-952-1355
414,유치원,오성초등학교병설유치원,1,7,33615,충남 서천군 판교면 종판로 857번길 13,041-951-9971
415,유치원,부내초등학교병설유치원,1,7,33611,충남 서천군 종천면 충서로363번길 23-1,041-953-1850
416,유치원,비인초등학교병설유치원,1,8,33608,충남 서천군 비인면 비인로 192(성내리),041-952-1325
417,유치원,서면초등학교병설유치원,1,7,33602,충남 서천군 서면 선합장길 15,041-951-5061
418,유치원,서도초등학교병설유치원,1,13,33603,충남 서천군 서면 공암남촌길 31번길 33,041-952-9338
419,유치원,청양유치원,6,55,33329,충남 청양군 청양읍 칠갑산로 1길 11-10,041-942-2840
420,유치원,운곡초등학교병설유치원,1,3,33315,충남 청양군 운곡면 청신로 882,041-942-9766
421,유치원,수정초등학교병설유치원,1,5,33345,충남 청양군 대치면 칠갑산로 514,041-942-3507
422,유치원,정산초등학교병설유치원,1,6,33352,충남 청양군 정산면 칠갑산로 1863,041-942-5051
423,유치원,목면초등학교병설유치원,1,4,33358,충남 청양군 목면 철마장길 27,041-944-0765
424,유치원,청남초등학교병설유치원,1,6,33363,충남 청양군 청남면 명덕로 207-4,041-943-4852
425,유치원,장평초등학교병설유치원,1,6,33367,충남 청양군 장평면 충의로 453,041-942-6822
426,유치원,미당초등학교병설유치원,1,3,33362,충남 청양군 장평면 낙지미당로 543-53,041-942-5127
427,유치원,남양초등학교병설유치원,1,8,33306,충남 청양군 남양면 구용길 324,041-944-0535
428,유치원,합천초등학교병설유치원,1,3,33310,충남 청양군 화성면 무한로 88,041-942-4012
429,유치원,가남초등학교병설유치원,0,0,33316,충남 청양군  비봉면 충절로 1962-7,041-943-4756
430,유치원,넓은마당유치원,2,19,33318,충남 청양군 비봉면 충절로 1630-6,041-944-0602
431,유치원,조양유치원,7,89,32216,충남 홍성군 홍성읍 도청대로 29-19,041-631-9962
432,유치원,광천초등학교병설유치원,1,11,32292,충남 홍성군 광천읍 홍남로 705번길 16,041-641-6356
433,유치원,홍북초등학교병설유치원,3,48,32260,충남 홍성군 자경로 33,041-632-9028
434,유치원,용봉초등학교병설유치원,1,2,32251,충남 홍성군 홍북읍 이응노로 277,041-631-1203
435,유치원,내포초등학교병설유치원,3,50,32272,충남 홍성군 홍북읍 홍학로 38,041-630-7916
436,유치원,한울초등학교병설유치원,3,52,32266,충남 홍성군 홍북읍 홍학로 131,041-631-6414
437,유치원,내포유치원,7,104,32268,충남 홍성군 홍북읍 신대2길 66,041-406-0002
438,유치원,가람유치원,15,208,32269,충남 홍성군 홍북읍 홍학로 180,041-339-3902
439,유치원,금마초등학교병설유치원,1,3,32280,충남 홍성군 금마면 광금북로 484,041-631-1221
440,유치원,배양초등학교병설유치원,1,4,32280,충남 홍성군 금마면 금마로 23-24,041-631-1225
441,유치원,홍동초등학교병설유치원,1,4,32284,충남 홍성군 홍동면 홍장남로 672번길 59,041-634-9510
442,유치원,금당초등학교병설유치원,1,3,32283,충남 홍성군 홍동면 초롱산길 9,041-634-8223
443,유치원,장곡초등학교병설유치원,1,6,32298,충남 홍성군 장곡면 도산1길 2,041-642-7790
444,유치원,은하초등학교병설유치원,1,1,32210,충남 홍성군 은하면 은하로 220,041-642-0864
445,유치원,결성초등학교병설유치원,1,3,32212,충남 홍성군 결성면 홍남서로 738번길 30,041-642-1884
446,유치원,서부초등학교병설유치원,1,3,32204,충남 홍성군 서부면 서부로 505,041-634-8536
447,유치원,신당초등학교병설유치원,1,4,32206,충남 홍성군 서부면 남당항로 270번길 43,041-631-1229
448,유치원,갈산초등학교병설유치원,1,5,32202,충남 홍성군 갈산면 갈산로 135,041-634-6653
449,유치원,구항초등학교병설유치원,1,3,32215,충남 홍성군 구항면 구성남로 928,041-631-3298
450,유치원,대정초등학교병설유치원,1,3,32214,충남 홍성군 구항면 거북로 20,041-641-0640
451,유치원,혜전대학교부속유치원,3,31,32244,충남 홍성군 홍성읍 대학길 18-23,041-632-0147
452,유치원,목화유치원,8,157,32218,충남 홍성군 홍성읍 대교길 33,041-632-0805
453,유치원,프라임유치원,6,127,32244,충남 홍성군 홍성읍 충서로1216번길 23,041-634-4795
454,유치원,풀꽃향기유치원,8,180,32266,충남 홍성군 홍북읍 홍예로 213,041-633-9967
455,유치원,내포글로벌유치원,10,206,32257,충남 홍성군 홍북읍 애향5길 15,041-633-1777
456,유치원,예산유치원,7,83,32435,예산군 예산읍 사직로 15    ,334-9889
457,유치원,금오초등학교병설유치원,1,10,32429,예산군 예산읍 역전로 134번길 40,331-0943
458,유치원,신례원초등학교병설유치원,1,5,32421,예산군 예산읍 신례원로 179,334-3584
459,유치원,대술초등학교병설유치원,1,4,32444,예산군 대술면 원농리길12,333-1940
460,유치원,신양초등학교병설유치원,1,3,32453,예산군 신양면 청신로 374,332-9254
461,유치원,웅산초등학교병설유치원,1,3,32457,예산군 광시면 예당로 181,332-1562
462,유치원,대흥초등학교병설유치원,1,1,32450,예산군 대흥면 의좋은형제길 16,332-9097
463,유치원,응봉초등학교병설유치원,1,4,32447,예산군 응봉면 예당로1504,333-0041
464,유치원,평촌초등학교병설유치원,1,3,32447,예산군 응봉면 예당로 1211,332-7226
465,유치원,삽교초등학교병설유치원,1,6,32414,예산군 삽교읍 삽교로 4길 26,337-2864
466,유치원,용동초등학교병설유치원,1,13,32412,예산군 삽교읍 삽교평야로 193,338-3634
467,유치원,보성초등학교병설유치원,3,52,32416,예산군 삽교읍 예학로 127,337-1742
468,유치원,덕산초등학교병설유치원,3,24,32406,예산군 덕산면 봉운로 38,337-0206
469,유치원,시량초등학교병설유치원,1,8,32407,예산군 덕산면 덕산온천로 91,337-5468
470,유치원,수덕초등학교병설유치원,1,3,32410,예산군 덕산면 수덕사로 631,337-7227
471,유치원,봉산초등학교병설유치원,1,8,32404,예산군 봉산면 봉산로 369-10,337-1051
472,유치원,고덕초등학교병설유치원,2,14,32403,예산군 고덕면 황금뜰로 203번지 ,337-8007
473,유치원,구만초등학교병설유치원,0,0,32402,예산군 고덕면 구만윗뜸길 27 ,337-8438
474,유치원,예덕초등학교병설유치원,1,5,32401,예산군 고덕면 몽곡상몽길 54,338-3707
475,유치원,신암초등학교병설유치원,1,4,32418,예산군 신암면 신암남로 285-6,332-9010
476,유치원,오가초등학교병설유치원,1,5,32425,예산군 오가면 역말로 89  ,333-0946 
477,유치원,양신초등학교병설유치원,1,3,32424,예산군 오가면 내양막 길 5,333-3764
478,유치원,성모유치원,2,23,32435,예산군 예산로 161번길 10,332-2565
479,유치원,세정유치원,6,94,32441,예산군 예산읍 예중길 24-26,333-3940
480,유치원,태안유치원,8,81,32148,충남 태안군 태안읍 냉천골길 16,041-675-3311
481,유치원,안면초등학교병설유치원,1,10,32164,충남 태안군 안면읍 장터로 230,041-673-1021
482,유치원,방포초등학교병설유치원,1,5,32166,충남 태안군 안면읍 꽃지해안로 519,041-674-4197
483,유치원,안중초등학교병설유치원,1,3,32167,충남 태안군 안면읍 율포길 31,041-673-5376
484,유치원,창기초등학교병설유치원,1,4,32162,충남 태안군 안면읍 황도로 72,041-673-7617
485,유치원,고남초등학교병설유치원,1,3,32172,충남 태안군 고남읍 안면대로 4189,041-673-5677
486,유치원,남면초등학교병설유치원,1,4,32154,충남 태안군 남면 남면로 125,041-672-4383
487,유치원,삼성초등학교병설유치원,1,3,32158,충남 태안군 남면 마검포길 93-1,041-675-4201
488,유치원,근흥초등학교병설유치원,0,0,32129,충남 태안군 근흥면 근흥로 716-8,041-673-0775
489,유치원,안흥초등학교병설유치원,1,2,32131,충남 태안군 근흥면 죽림길 45,041-674-9325
490,유치원,소원초등학교병설유치원,0,0,32120,충남 태안군 소원면 은골길 42,041-672-6005
491,유치원,모항초등학교병설유치원,1,5,32123,충남 태안군 소원면 모항파도로 116,041-672-9184
492,유치원,시목초등학교병설유치원,0,0,32118,충남 태안군 소원면 서해로 1147-26,041-674-6809
493,유치원,원북초등학교병설유치원,1,8,32109,충남 태안군 원북면 원이로 849-3,041-672-5070
494,유치원,대기초등학교병설유치원,0,0,32112,충남 태안군 원북면 대기길 12-21,041-672-0429
495,유치원,이원초등학교병설유치원,1,3,32103,충남 태안군 이원면 원이로 1536-31,041-672-8789
496,유치원,이원초등학교관동분교장병설유치원,0,0,32101,충남 태안군 이원면 원이로 1956,041-672-8067
497,유치원,파랑새유치원,5,94,32142,충남 태안군 태안읍 성안1길80,041-675-7171
498,초등학교,천안초등학교,18,386,31122,충남 천안시 동남구 중앙로 169,041-568-0747
499,초등학교,천안중앙초등학교,0,0,31129,충남 천안시 동남구 영성로 73,041-552-3562
500,초등학교,천안남산초등학교,20,391,31132,충남 천안시 동남구 버들1길 30,041-565-3833
501,초등학교,천안성정초등학교,17,282,31141,충남 천안시 서북구 성정7길 3,041-577-4105
502,초등학교,천안일봉초등학교,20,390,31154,충남 천안시 동남구 다가2길 3,041-579-8450
503,초등학교,환서초등학교,81,2154,31097,충남 천안시 서북구 한들2로 34-41,041-552-9858
504,초등학교,천안부대초등학교,12,171,31080,충남 천안시 서북구 공대길 37,041-568-8296
505,초등학교,천안업성초등학교,6,45,31076,충남 천안시 서북구 업성5길 20,041-583-3736
506,초등학교,천안청수초등학교,18,319,31190,충남 천안시 동남구 청수로 35-3,041-551-8951
507,초등학교,천안청당초등학교,49,1274,31211,충남 천안시 동남구 청당2길 94,041-523-2591
508,초등학교,천안신안초등학교,27,616,31125,충남 천안시 동남구 원성25길 21,041-622-7603
509,초등학교,안서초등학교,12,253,31066,충남 천안시 동남구 중암3길 10,041-551-4532
510,초등학교,천안봉명초등학교,14,260,31151,충남 천안시 동남구 봉명2길 11,041-576-3232
511,초등학교,천안구성초등학교,20,410,31194,충남 천안시 동남구 청수로 126,041-565-5193
512,초등학교,천안서초등학교,25,490,31134,충남 천안시 서북구 서부16길 27,041-620-3800
513,초등학교,천안봉서초등학교,27,559,31148,충남 천안시 동남구 봉서10길 12,041-577-8520
514,초등학교,천안미라초등학교,17,310,31155,충남 천안시 서북구 미라2길 13,041-571-4271
515,초등학교,천안쌍용초등학교,24,522,31166,충남 천안시 서북구 쌍용6길 9,041-571-8614
516,초등학교,천안신부초등학교,28,578,31119,충남 천안시 동남구 터미널5길 30,041-563-8246
517,초등학교,천안신용초등학교,29,652,31184,충남 천안시 동남구 새말1길 29,041-573-6105
518,초등학교,천안용암초등학교,23,531,31166,충남 천안시 서북구 월봉로 147,041-577-0382
519,초등학교,천안월봉초등학교,35,679,31171,충남 천안시 서북구 월봉4로 120-8,041-577-1816
520,초등학교,천안부성초등학교,29,630,31100,충남 천안시 서부구 부성1길 16,041-561-0490
521,초등학교,천안신촌초등학교,13,176,31177,충남 천안시 동남구 신촌4로 9,041-577-6852
522,초등학교,천안용곡초등학교,32,746,31185,충남 천안시 동남구 새말1길 73,041-569-6185
523,초등학교,천안용소초등학교,30,709,31184,충남 천안시 동남구 일봉로 82-18,041-579-8142
524,초등학교,천안백석초등학교,35,786,31158,충남 천안시 서북구 백석3로 98,041-622-8485
525,초등학교,천안오성초등학교,41,891,31090,충남 천안시 서북구 오성5길 23,041-522-6092
526,초등학교,천안두정초등학교,37,890,31103,충남 천안시 서북구 두정역서1길 10,041-622-9577
527,초등학교,천안수곡초등학교,25,619,31175,충남 천안시 서북구 수곡로 19-32 ,041-576-6028
528,초등학교,천안불당초등학교,48,1198,31164,충남 천안시 서북구 불당4로 39-21,041-622-2091
529,초등학교,천안서당초등학교,35,832,31165,충남 천안시 서북구 불당11로 63,041-558-6012
530,초등학교,천안신대초등학교,26,569,31102,충남 천안시 서북구 성정두정로 130,041-558-0642
531,초등학교,천안와촌초등학교,12,219,31152,충남 천안시 서북구 와촌4길 16,041-579-9084
532,초등학교,천안청룡초등학교,27,642,31202,충남 천안시 동남구 풍세로 801-28,041-579-9530
533,초등학교,천안삼거리초등학교,28,496,31195,충남 천안시 동남구 충절로 340 ,041-569-1392
534,초등학교,천안쌍정초등학교,23,520,31179,충남 천안시 서북구 충무로 5-44,041-578-9384
535,초등학교,천안새샘초등학교,48,1171,31207,충남 천안시 동남구 통정9로 58,041-413-2300
536,초등학교,천안가온초등학교,39,957,31200,충남 천안시 동남구 청수14로 21,041-522-1731
537,초등학교,천안차암초등학교,64,1426,31085,충남 천안시 서북구 스마일시티1로 50,041-413-3502
538,초등학교,천안불무초등학교,75,2072,31156,충남 천안시 서북구 불당23로 29,041-567-0800
539,초등학교,천안아름초등학교,75,2202,31156,충남 천안시 서북구 불당27길 1,041-418-9650
540,초등학교,천안한들초등학교,33,694,31096,충남 천안시 서북구 한들2로 33,041-551-5804
541,초등학교,천안성성초등학교,53,1248,31078,충남 천안시 서북구 성성10길 77,041-569-0371
542,초등학교,천안희망초등학교,39,888,31115,충남 천안시 동남구 단대로 21-7,041-622-4100
543,초등학교,천안호수초등학교,27,555,31168,충남 천안시 서북구 공원로 140,041-533-5362
544,초등학교,천안가람초등학교,53,1259,31078,충남 천안시 서북구 성성6로 47-11,041-415-2472
545,초등학교,천안능수초등학교,18,366,31212,충남 천안시 동남구 청당용평로 112,041-414-2580
546,초등학교,풍세초등학교,15,145,31217,충남 천안시 동남구 풍세면 풍세2길 5,041-566-7006
547,초등학교,용정초등학교,6,84,31214,충남 천안시 동남구 풍세면 용정길 8-7,041-566-7184
548,초등학교,미죽초등학교,6,101,31215,충남 천안시 동남구 풍세면 미죽2길 7,041-566-6238
549,초등학교,광덕초등학교,7,68,31221,충남 천안시 동남구 광덕면 신흥리3길 36,041-567-0347
550,초등학교,행정초등학교,6,14,31223,충남 천안시 동남구 광덕면 광덕로 534,041-566-6503
551,초등학교,보산원초등학교,6,47,31218,충남 천안시 동남구 광덕면 보산원2길 33,041-567-0344
552,초등학교,목천초등학교,8,104,31231,충남 천안시 동남구 목천읍 서리2길 31,041-557-3342
553,초등학교,신계초등학교,14,200,31233,충남 천안시 동남구 목천읍 천정1길 243-9,041-557-1291
554,초등학교,도장초등학교,6,46,31225,충남 천안시 동남구 목천읍 도장1길 73 ,041-566-6433
555,초등학교,천안부영초등학교,16,302,31226,충남 천안시 동남구 목천읍 삼성5길 22-14,041-565-1371
556,초등학교,신흥초등학교,16,339,31233,충남 천안시 동남구 목천읍 신계5길 27 ,041-557-0382
557,초등학교,위례초등학교,6,48,31238,충남 천안시 동남구 북면 오곡2길 6-13,041-554-7365
558,초등학교,은석초등학교,6,43,31242,충남 천안시 동남구 북면 용암3길 10,041-553-3081
559,초등학교,성남초등학교,6,44,31248,충남 천안시 동남구 성남면 대흥신덕길 95,041-553-0032
560,초등학교,신사초등학교,6,27,31245,충남 천안시 동남구 성남면 신사대화로 155,041-553-0014
561,초등학교,수신초등학교,6,30,31251,충남 천안시 동남구 수신면 수신로 459,041-522-0101
562,초등학교,병천초등학교,8,134,31254,충남 천안시 동남구 병천면 병천2로 35,041-564-1021
563,초등학교,천동초등학교,7,21,31258,충남 천안시 동남구 동면 동산1길 59,041-523-4012
564,초등학교,성환초등학교,24,517,31015,충남 천안시 서북구 성환읍 성환12길 37,041-581-9555
565,초등학교,성신초등학교,10,125,31014,충남 천안시 서북구 성환읍 성환12길 7,041-581-2814
566,초등학교,대홍초등학교,6,39,31005,충남 천안시 서북구 성환읍 잠실길 4,041-581-2700
567,초등학교,신가초등학교,6,48,31001,충남 천안시 서북구 성환읍 성환신흥2길 2,041-581-3860
568,초등학교,신방초등학교,6,53,31000,충남 천안시 서북구 성환읍 신방로 73,041-581-2314
569,초등학교,도하초등학교,6,53,31005,충남 천안시 서북구 성환읍 연암로 382,041-581-5140
570,초등학교,직산초등학교,9,140,31032,충남 천안시 서북구 직산읍 직산안길 79,041-581-3706
571,초등학교,삼은초등학교,26,486,31037,충남 천안시 서북구 직산읍 삼은2길 11,041-583-3915
572,초등학교,양당초등학교,10,161,31029,충남 천안시 서북구 직산읍 양당1길 9-12,041-584-0015
573,초등학교,성거초등학교,27,563,31046,충남 천안시 서북구 성거읍 소댕이3길 606-21,041-622-7849
574,초등학교,소망초등학교,25,482,31048,충남 천안시 서북구 성거읍 역전말3길 102 ,041-587-0065
575,초등학교,입장초등학교,13,157,31055,충남 천안시 서북구 입장면 하장4길 19,041-585-3992
576,초등학교,양대초등학교,6,54,31055,충남 천안시 서북구 입장면 성진로 858,041-584-5077
577,초등학교,공주중동초등학교,11,163,32563,충남 공주시 웅진로 146-5,041-850-9601
578,초등학교,공주금학초등학교,7,57,32564,충남 공주시 공주고담길 19,041-858-1460
579,초등학교,태봉초등학교,6,35,32600,충남 공주시 원태봉길57(태봉동),041-852-8007
580,초등학교,공주봉황초등학교,7,86,32549,충남 공주시 오거리길5,041-854-2203
581,초등학교,효포초등학교,7,34,32596,충남 공주시 전진배길 313(신기동),041-854-5374
582,초등학교,신관초등학교,26,569,32576,충남 공주시 번영1로 97-13,041-856-1901
583,초등학교,공주교동초등학교,9,143,32542,충남 공주시 용당길 69-6,041-854-3927
584,초등학교,공주신월초등학교,46,1185,32579,충남 공주시 번영1로 193(신관동),041-881-5013
585,초등학교,유구초등학교,8,88,32506,충남 공주시 유구읍 유구초교길 12,041-841-2302
586,초등학교,구산초등학교,6,31,32508,충남 공주시 유구읍 유구마곡사로 61-1,041-841-8588
587,초등학교,이인초등학교,7,38,32607,충남 공주시 이인면 은행길 56,041-857-5052
588,초등학교,탄천초등학교,7,36,32609,충남 공주시 탄천면 통산로 168,041-854-1625
589,초등학교,계룡초등학교,6,48,32616,충남 공주시 계룡면 영규대사로 459,041-857-5023
590,초등학교,경천초등학교,6,21,32619,충남 공주시 계룡면 신원사로112,041-852-4030
591,초등학교,반포초등학교,8,44,32622,충남 공주시 반포면 반포초교길 97,041-857-7010
592,초등학교,학봉초등학교,6,37,32626,충남 공주시 반포면 동학사 1로 141-10,042-825-4069
593,초등학교,의당초등학교,7,59,32518,충남 공주시 의당면 의당초교길 49,041-852-0010
594,초등학교,수촌초등학교,7,52,32519,충남 공주시 의당면 윗태실길 1-8,041-854-4052
595,초등학교,정안초등학교,6,42,32512,충남 공주시 정안면 내촌리 정안중앙길79,041-858-6004
596,초등학교,석송초등학교,6,49,32513,충남 공주시 정안면 마래섭들길56,041-858-0384
597,초등학교,우성초등학교,7,38,32531,충남 공주시 우성면 동대리길 33,041-853-2481
598,초등학교,귀산초등학교,6,54,32528,충남 공주시 우성면 귀산길 81-15,041-854-7304
599,초등학교,상서초등학교,7,59,32530,충남 공주시 우성면 우성길 137-37,041-854-0544
600,초등학교,호계초등학교,6,27,32523,충남 공주시 사곡면 마곡사로 149-12,041-841-7014
601,초등학교,마곡초등학교,7,20,32520,충남 공주시 사곡면 운정길 29-10,041-841-8010
602,초등학교,신풍초등학교,7,27,32525,충남 공주시 신풍면 신풍길 50-11,041-841-1003
603,초등학교,덕암초등학교,7,22,32500,충남 공주시 유구읍 금계산로 943,041-841-6352
604,초등학교,공주교육대학교부설초등학교,25,475,32553,충남 공주시 하선길 47,041-850-1802
605,초등학교,대천초등학교,25,541,33439,충남 보령시 대천로 59,041-931-1401
606,초등학교,대남초등학교,7,81,33454,충남 보령시 남대천로 22,041-936-3832
607,초등학교,한내초등학교,17,264,33475,충남 보령시 보령남로 39,041-934-2103
608,초등학교,명천초등학교,35,839,33481,충남 보령시 주공로 119,041-931-7182
609,초등학교,대천동대초등학교,38,899,33430,충남 보령시 한내로터리길 137-12,041-931-7937
610,초등학교,대관초등학교,14,225,33452,충남 보령시 대관초등길 97,041-933-5279
611,초등학교,청룡초등학교,7,36,33491,충남 보령시 대해로 646,041-933-9773
612,초등학교,청룡초등학교장고분교장,2,5,33411,충남 보령시 오천면 장고도2길 18,041-931-3602
613,초등학교,청파초등학교,7,43,33489,충남 보령시 대천항로 235,041-932-6166
614,초등학교,청파초등학교호도분교장,0,0,33411,충남 보령시 오천면 호도길 81,041-932-3896
615,초등학교,웅천초등학교,6,38,33519,충남 보령시 웅천읍 충서로 1035,041-931-2982
616,초등학교,대창초등학교,7,34,33522,충남 보령시 웅천읍 방축길 90-43,041-934-6692
617,초등학교,관당초등학교,6,21,33507,충남 보령시 웅천읍 무창포로 309,041-936-3813
618,초등학교,주포초등학교,6,28,33434,충남 보령시 주포면 보령읍성길 87-22,041-932-7006
619,초등학교,관창초등학교,7,90,33426,충남 보령시 주교면 한술1길 17,041-932-3195
620,초등학교,송학초등학교,6,37,33409,충남 보령시 주교면 토정로 796-52,041-934-7092
621,초등학교,오천초등학교,5,17,33412,충남 보령시 오천면 충청수영로 822,041-931-1364
622,초등학교,오천초등학교삽시분교장,2,7,33411,충남 보령시 오천면 삽시도1길 159-34,041-931-1365
623,초등학교,천북초등학교,7,38,33402,충남 보령시 천북면 하궁길 45,041-641-9018
624,초등학교,낙동초등학교,6,15,33403,충남 보령시 천북면 천광로 421-6,041-641-6879
625,초등학교,청소초등학교,7,28,33418,충남 보령시 청소면 청소큰길 225,041-932-9733
626,초등학교,남포초등학교,7,26,33495,충남 보령시 남포면 읍성향교길 21,041-933-0066
627,초등학교,주산초등학교,6,19,33517,충남 보령시 주산면 충서로 416,041-933-6025
628,초등학교,청라초등학교,7,51,33424,충남 보령시 청라면 원모루길 205,041-932-8038
629,초등학교,청보초등학교,7,64,33423,충남 보령시 청라면 대청로 759,041-932-8047
630,초등학교,옥계초등학교,7,43,33421,충남 보령시 청라면 죽성로 681,041-936-7172
631,초등학교,월전초등학교,7,32,33501,충남 보령시 남포면 곡촌길 11,041-933-1094
632,초등학교,미산초등학교,7,26,33512,충남 보령시 미산면 판미로 1462-7,041-933-4175
633,초등학교,개화초등학교,7,36,33486,충남 보령시 성주면 성주산로 735,041-933-5841
634,초등학교,성주초등학교,7,36,33485,충남 보령시 성주면 성주초교길 8,041-934-3482
635,초등학교,청파초등학교외연도분교장,4,8,33411,충남 보령시 오천면 외연도1길 134,041-936-5004
636,초등학교,광명초등학교,5,16,33411,충남 보령시 오천면 원산도3길 151-11,041-936-6109
637,초등학교,온양초등학교,17,300,31562,충남 아산시 온주길 26번길 10,041-544-4821
638,초등학교,온양온천초등학교,15,305,31520,충남 아산시 청운로 90,041-544-9830
639,초등학교,온양동신초등학교,34,788,31526,충남 아산시 번영로234번길 52,041-544-6552
640,초등학교,온양초사초등학교,7,75,31559,충남 아산시 초사길 122,041-532-2139
641,초등학교,온양천도초등학교,36,761,31504,충남 아산시 실옥로 45,041-544-4860
642,초등학교,신리초등학교,45,1141,31517,충남 아산시 모종로 73-13,041-545-2091
643,초등학교,신광초등학교,19,280,31530,충남 아산시 서부북로 993,041-534-7215
644,초등학교,온양중앙초등학교,21,302,31570,충남 아산시 중앙로 17,041-546-2352
645,초등학교,용화초등학교,18,380,31569,충남 아산시 시민로 258번길 3-8,041-549-7494
646,초등학교,온양권곡초등학교,22,441,31518,충남 아산시 문화로 243번길 14,041-534-6802
647,초등학교,온양신정초등학교,15,245,31502,충남 아산시 온천대로 1333번길 29,041-532-7907
648,초등학교,온양풍기초등학교,47,1145,31579,충남 아산시 남부로 351,041-546-3404
649,초등학교,충무초등학교,20,424,31517,충남 아산시 문화로 271-45,041-547-5302
650,초등학교,아산초등학교,40,855,31580,충남 아산시 남부로 266,041-549-6292
651,초등학교,송남초등학교,13,169,31557,충남 아산시 송악면 송악로 802,041-543-3907
652,초등학교,거산초등학교,6,63,31584,충남 아산시 송악면 외암로 460,041-542-9152
653,초등학교,배방초등학교,51,1185,31487,충남 아산시 배방읍 북수로25번길 11,041-548-1512
654,초등학교,금곡초등학교,11,165,31581,충남 아산시 배방읍 고불로 563-4,041-549-9012
655,초등학교,동방초등학교,0,0,31474,충남 아산시 배방읍 휴대안길 10,041-548-3852
656,초등학교,모산초등학교,45,1003,31481,충남 아산시 배방읍 배방로 58-52,041-549-9671
657,초등학교,아산북수초등학교,46,1074,31496,충남 아산시 배방읍 호서로 405,041-547-0931
658,초등학교,연화초등학교,32,715,31467,충남 아산시 배방읍 연화로 43,041-549-8561
659,초등학교,아산용연초등학교,27,623,31463,충남 아산시 배방읍 용연동길 25,041-541-7102
660,초등학교,아산공수초등학교,44,995,31480,충남 아산시 배방읍 모산로 38-43,041-424-7902
661,초등학교,아산세교초등학교,15,224,31473,충남 아산시 배방읍 동방로 200,041-425-0054
662,초등학교,탕정초등학교,49,1136,31457,충남 아산시 탕정면 탕정면로 105,041-543-7262
663,초등학교,동덕초등학교,13,226,31458,충남 아산시 탕정면 탕정면로 381,041-533-3812
664,초등학교,탕정미래초등학교,36,826,31457,충남 아산시 탕정면 탕정면로 54-15 ,041-538-9999
665,초등학교,한들물빛초등학교,76,1901,31465,충남 아산시 탕정면 한들물빛도시로 49,041-424-8400
666,초등학교,아산갈산초등학교,37,743,31461,충남 아산시 탕정면 갈산교로 210,041-532-7101
667,초등학교,염티초등학교,6,55,31445,충남 아산시 염치읍 염치로 49,041-543-8005
668,초등학교,송곡초등학교,9,155,31450,충남 아산시 염치읍 송곡길 112,041-548-9426
669,초등학교,음봉초등학교,6,81,31443,충남 아산시 음봉면 아산온천로 517,041-543-2805
670,초등학교,월랑초등학교,56,1276,31416,충남 아산시 음봉면 음봉로 515-50,041-543-1559
671,초등학교,쌍룡초등학교,6,46,31414,충남 아산시 음봉면 연암율금로 499,041-547-0235
672,초등학교,산동초등학교,20,270,31418,충남 아산시 음봉면 산동희망로 10,041-427-7051
673,초등학교,둔포초등학교,22,350,31405,충남 아산시 둔포면 둔포중앙로 161번길 7,041-531-3033
674,초등학교,염작초등학교,60,1351,31406,충남 아산시 둔포면 아산밸리중앙로 33,041-531-5478
675,초등학교,남창초등학교,6,52,31401,충남 아산시 둔포면 신남북길 16,041-531-8844
676,초등학교,관대초등학교,7,65,31411,충남 아산시 둔포면 산전길 19,041-531-1590
677,초등학교,영인초등학교,7,65,31432,충남 아산시 영인면 여민루길 20,041-542-5080
678,초등학교,신화초등학교,7,34,31425,충남 아산시 영인면 고룡산로 636,041-542-5002
679,초등학교,인주초등학교,7,80,31429,충남 아산시 인주면 서해로 486,041-533-3184
680,초등학교,금성초등학교,6,47,31439,충남 아산시 인주면 인주로 129,041-533-4461
681,초등학교,선장초등학교,7,29,31546,충남 아산시 선장면 서부남로 21,041-542-0703
682,초등학교,도고초등학교,6,66,31552,충남 아산시 도고면 도고산로 598,041-542-0344
683,초등학교,도고온천초등학교,6,48,31550,충남 아산시 도고면 도고면로 73,041-542-0029
684,초등학교,신창초등학교,29,431,31536,충남 아산시 신창면 서부남로 840번길 26,041-542-7845
685,초등학교,오목초등학교,7,86,31534,충남 아산시 신창면 서부북로 547,041-542-7263
686,초등학교,아산남성초등학교,45,870,31530,충남 아산시 신창면 남성길 152-64 ,041-547-2312
687,초등학교,서산초등학교,18,327,31983,충남 서산시 중앙로 38-1,041-664-5122
688,초등학교,서동초등학교,26,443,31979,충남 서산시 쌍연남1로 19-5,041-664-2627
689,초등학교,오산초등학교,6,43,32009,충남 서산시 덕지천로 436,041-669-2704
690,초등학교,서령초등학교,12,190,32007,충남 서산시 남부순환로 749,041-664-0754
691,초등학교,부춘초등학교,29,613,31985,충남 서산시 양유정 3로 9 (읍내동 130),041-669-0206
692,초등학교,서림초등학교,32,717,31999,충남 서산시 덕지천로 104(석남동),041-666-1661
693,초등학교,학돌초등학교,25,524,31971,충남 서산시 부춘1로 35(읍내동),041-668-8608
694,초등학교,서산석림초등학교,27,558,32003,충남 서산시 동서1로 41-6,041-668-6092
695,초등학교,서산예천초등학교,34,809,31998,충남 서산시 예천1로 3-21,041-668-5405
696,초등학교,서산동문초등학교,32,700,31967,충남 서산시 쌍연북 2로 31,041-668-7912
697,초등학교,서산서남초등학교,49,1149,31998,충남 서산시 예천2로 19,041-671-5000
698,초등학교,대산초등학교,15,270,31909,충남 서산시 대산읍 구진로 40-5,041-669-0152
699,초등학교,명지초등학교,6,61,31907,충남 서산시 대산읍 명지3로 25,041-664-2360
700,초등학교,서산대진초등학교,6,24,31906,충남 서산시 대산읍 기은아섬길 16,041-681-7051
701,초등학교,인지초등학교,14,289,32015,충남 서산시 인지면 둔산1길 1,041-662-1045
702,초등학교,차동초등학교,8,74,32012,충남 서산시 인지면 차동길 140,041-663-1080
703,초등학교,부석초등학교,7,51,32019,충남 서산시 부석면 취평2길 37-6,041-664-8601
704,초등학교,부석초등학교간월도분교장,3,6,32023,충남 서산시 부석면 간월달발길 57,041-664-8602
705,초등학교,강당초등학교,6,52,32021,충남 서산시 부석면 인정로 183,041-669-6861
706,초등학교,가사초등학교,6,80,32017,충남 서산시 부석면 강경벌로 478,041-669-1398
707,초등학교,팔봉초등학교,6,54,31923,충남 서산시 팔봉면 한재무두리1길 233,041-662-6019
708,초등학교,팔봉초등학교고파도분교장,0,0,31926,충남 서산시 팔봉면 고파도 3길 60,041-662-2496
709,초등학교,부성초등학교,20,404,31919,충남 서산시 지곡면 화천1로 83,041-664-4512
710,초등학교,성연초등학교,66,1410,31931,충남 서산시 성연면 성연3로 57-10,041-669-2192
711,초등학교,음암초등학교,12,200,31936,충남 서산시 음암면 도당로 5,041-669-6212
712,초등학교,동암초등학교,6,76,31941,충남 서산시 음암면 동암마을길 14-3,041-669-2251
713,초등학교,운산초등학교,7,46,31945,충남 서산시 운산면 운암로 1037,041-669-6341
714,초등학교,운신초등학교,7,49,31948,충남 서산시 운산면 해운로 539,041-688-4100
715,초등학교,해미초등학교,10,158,31960,충남 서산시 해미면 성지1로 81,041-688-1592
716,초등학교,언암초등학교,7,109,30959,충남 서산시 해미면 기지1길 27,041-688-9042
717,초등학교,고북초등학교,7,60,32027,충남 서산시 고북면 고북3로 19,041-669-6303
718,초등학교,논산부창초등학교,14,248,32954,논산시 시민로397번길 10,041-736-6804
719,초등학교,논산반월초등학교,7,102,32952,논산시 해월로 148 ,041-735-2436
720,초등학교,논산동성초등학교,27,554,32974,논산시 관촉로 263(취암동),041-734-0892
721,초등학교,논산중앙초등학교,33,731,32981,논산시 논산대로 269-10(내동),041-736-3021
722,초등학교,논산내동초등학교,44,1038,32990,논산시 중앙로 192(내동),041-734-7463
723,초등학교,강경중앙초등학교,6,44,32934,논산시 강경읍 옥녀봉로 8,041-745-0678
724,초등학교,강경산양초등학교,7,41,32942,논산시 강경읍 산양길 45,041-745-1457
725,초등학교,강경황산초등학교,9,142,32936,논산시 강경읍 대흥로34번길 5 ,041-745-0273
726,초등학교,구자곡초등학교,7,81,33011,논산시 연무로 369(연무읍),041-741-4157
727,초등학교,연무초등학교,7,81,33013,논산시 연무읍 득안대로 527,041-741-5295
728,초등학교,연무중앙초등학교,17,348,33008,논산시 연무읍 연무로 211-14,041-741-4112
729,초등학교,성동초등학교,7,44,32927,논산시 성동면 성동로 240번길 30,041-734-2622
730,초등학교,원봉초등학교,6,46,32926,논산시 성동면 성동로 552,041-736-6082
731,초등학교,광석초등학교,8,54,32922,논산시 광석면 사계로 451,041-732-8015
732,초등학교,왕전초등학교,6,54,32920,논산시 광석면 왕전2길 12,041-733-2694
733,초등학교,노성초등학교,6,44,32902,논산시 노성면 노성로 507번길 11,041-736-5580
734,초등학교,상월초등학교,7,45,32904,논산시 상월면 신충리 백일헌로 1025-13,041-734-4010
735,초등학교,부적초등학교,7,64,32917,논산시 부적면 남마구평길 70,041-732-7032
736,초등학교,감곡초등학교,6,21,32916,논산시 부적면 계백로 1676-26,041-732-7066
737,초등학교,연산초등학교,7,71,32911,논산시 연산면 연산5길 13,041-733-0657
738,초등학교,청동초등학교,7,56,32913,논산시 연산면 선비로 293번길 29-5,041-733-0323
739,초등학교,백석초등학교,7,64,32909,논산시 연산면 선비로 726,041-734-4708
740,초등학교,벌곡초등학교,6,53,33026,논산시 벌곡면 대둔로 821-8,041-733-9009
741,초등학교,도산초등학교,6,89,33028,논산시 벌곡면 수락로 23,041-733-9780
742,초등학교,양촌초등학교,8,67,33023,논산시 양촌면 매죽헌로 1665번길 22,041-741-2019
743,초등학교,반곡초등학교,9,145,33021,논산시 양촌면 황산벌로 1126번길 5,041-734-2334
744,초등학교,가야곡초등학교,7,33,33019,논산시 가야곡면 덕은로 160,041-742-3369
745,초등학교,은진초등학교,8,94,33001,논산시 은진면 매죽헌로 25번길 1,041-741-0019
746,초등학교,성덕초등학교,7,101,32999,논산시 은진면 원앙로 1174 ,041-741-0074
747,초등학교,채운초등학교,7,79,32945,논산시 채운면 채운로 112,041-734-3274
748,초등학교,이화초등학교,7,45,32946,논산시 채운면 채운로 350,041-742-2228
749,초등학교,두마초등학교,26,531,32837,계룡시 두마면 팥거리로 160,042-841-8014
750,초등학교,엄사초등학교,19,358,32808,계룡시 엄사면 번영3길 30,042-841-4498
751,초등학교,신도초등학교,20,384,32819,계룡시 엄사면 번영3길 82,042-841-9863
752,초등학교,용남초등학교,41,969,32801,계룡시 신도안면 신도안1길 88,042-551-1504
753,초등학교,금암초등학교,26,615,32824,계룡시 장안로 104,042-841-0872
754,초등학교,당진초등학교,26,463,31776,충남 당진시 교동길 106,041-352-3753
755,초등학교,성당초등학교,7,106,31789,충남 당진시 역천로 222,041-356-5155
756,초등학교,계성초등학교,32,729,31771,충남 당진시 당진중앙1로 290,041-352-4031
757,초등학교,탑동초등학교,54,1345,31780,충남 당진시 대호만로 12,041-354-1252
758,초등학교,원당초등학교,46,1097,31771,충남 당진시 밤절로 31,041-358-5602
759,초등학교,대덕초등학교,38,811,31787,충남 당진시 대덕1로 80,041-430-0102
760,초등학교,수청초등학교,31,683,31817,충남 당진시 수청2로 37,041-358-9871
761,초등학교,합덕초등학교,14,217,31813,충남 당진시 합덕읍 덕평로 508,041-362-2692
762,초등학교,합도초등학교,8,71,31811,충남 당진시 합덕읍 면천로 1538,041-362-2303
763,초등학교,신촌초등학교,6,34,31815,충남 당진시 합덕읍 상덕로 620-13,041-362-2778
764,초등학교,고대초등학교,7,99,31793,충남 당진시 고대면 고대로 206,041-353-6368
765,초등학교,고산초등학교,7,57,31791,충남 당진시 고대면 서집들길 55,041-353-8820
766,초등학교,석문초등학교,8,88,31703,충남 당진시 석문면 다리들길7,041-353-9042 
767,초등학교,삼봉초등학교,7,72,31706,충남 당진시 석문면 대호만로 1722-1,041-353-0040
768,초등학교,삼봉초등학교난지분교장,1,1,31708,충남 당진시 석문면 난지1길 155,041-352-1344
769,초등학교,초락초등학교,7,27,31707,충남 당진시 석문면 샛터말길35,041-352-6239
770,초등학교,조금초등학교,7,54,31798,충남 당진시 대호지면 4.4만세로 23,041-353-1010
771,초등학교,정미초등학교,6,39,31802,충남 당진시 정미면 운정로 642,041-353-2078
772,초등학교,천의초등학교,7,45,31800,충남 당진시 정미면 천평로 30,041-353-2010
773,초등학교,면천초등학교,6,47,31804,충남 당진시 면천면 면천서문1길 33,041-356-3090
774,초등학교,순성초등학교,6,74,31757,충남 당진시 순성면 순성로 473,041-353-4140
775,초등학교,북창초등학교,8,117,31759,충남 당진시 순성면 붉은재길 68,041-362-2302
776,초등학교,우강초등학교,7,81,31754,충남 당진시 우강면 우강송산로 183-7,041-362-3046
777,초등학교,신평초등학교,13,181,31741,충남 당진시 신평면 원머리로 7,041-362-6082
778,초등학교,서정초등학교,29,634,31748,충남 당진시 신평면 거산3거리길 28-1,041-362-6057
779,초등학교,한정초등학교,7,51,31743,충남 당진시 신평면 샛터로 172 ,041-362-9913
780,초등학교,송악초등학교,13,207,31728,충남 당진시 송악읍 송악로 663-1,041-358-8004
781,초등학교,전대초등학교,6,86,31729,충남 당진시 송악읍 신평로 1185,041-357-8201
782,초등학교,기지초등학교,74,1741,31733,충남 당진시 송악읍 반촌로 84-3,041-355-6091
783,초등학교,상록초등학교,16,294,31723,충남 당진시 송악읍 송악로 1024,041-356-8078
784,초등학교,송산초등학교,9,113,31714,충남 당진시 송산면 상거길 19-1,041-353-7081
785,초등학교,당산초등학교,10,154,31713,충남 당진시 송산면 당산2로 185,041-352-0075
786,초등학교,유곡초등학교,17,324,31711,충남 당진시 송산면 송산로 821-17,041-353-7078
787,초등학교,금산중앙초등학교,22,473,32746,충남 금산군 금산읍 금산로 1427,041-753-6333
788,초등학교,금산초등학교,23,443,32738,충남 금산군 금산읍 인삼로 69,041-753-6230
789,초등학교,금산동초등학교,8,94,32725,충남 금산군 금산읍 후곤천길 145,041-753-6135
790,초등학교,금성초등학교,7,27,32707,충남 금산군 금성면 진산로 370,041-752-3010
791,초등학교,금성초등학교금계분교장,2,4,32716,충남 금산군 금성면 어필각로 448,041-753-7703
792,초등학교,제원초등학교,8,27,32723,충남 금산군 제원면 제원3길 11,041-752-7024
793,초등학교,부리초등학교,7,36,32757,충남 금산군 부리면 현내로 81,041-753-0527
794,초등학교,군북초등학교,7,36,32718,충남 금산군 군북면 군북로 714 ,041-753-2008
795,초등학교,용문초등학교,7,81,32721,충남 금산군 군북면 시두물길 15,041-751-1656
796,초등학교,상곡초등학교,6,26,32717,충남 금산군 군북면 상곡길 34,041-753-7045
797,초등학교,남일초등학교,6,52,32758,충남 금산군 남일면 봉황로 83,041-752-9461
798,초등학교,남이초등학교,6,17,32751,충남 금산군 남이면 진악로 51,041-753-1016
799,초등학교,진산초등학교,7,38,32704,충남 금산군 진산면 읍내로 41,041-752-4020
800,초등학교,복수초등학교,7,23,32703,충남 금산군 복수면 복수로 137로,041-752-8312
801,초등학교,신대초등학교,6,20,32701,충남 금산군 복수면 복수로 753,041-752-8212
802,초등학교,추부초등학교,10,131,32714,충남 금산군 추부면 하마전로 23,041-753-7908
803,초등학교,성대초등학교,7,32,32710,충남 금산군 추부면 군북로 1402,041-753-7168
804,초등학교,부여초등학교,26,562,33135,충남 부여군 부여읍 부소로 105-10,041-834-3223
805,초등학교,백제초등학교,9,102,33115,충남 부여군 부여읍 계백로321,041-833-7261
806,초등학교,궁남초등학교,5,44,33168,충남 부여군 부여읍 계백로 238-6,041-834-3123
807,초등학교,대왕초등학교,7,31,33160,충남 부여군 부여읍 금성로 150,041-834-6078
808,초등학교,송간초등학교,7,42,33127,충남 부여군 부여읍 삼충로 272번길 5,041-834-3346
809,초등학교,규암초등학교,26,485,33123,충남 부여군 규암면 계백로 3,041-835-8221
810,초등학교,합송초등학교,7,40,33120,충남 부여군 규암면 흥수로 561번길 8,041-836-7190
811,초등학교,백강초등학교,6,35,33116,충남 부여군 규암면 백제문로 251번길 20,041-835-9390
812,초등학교,은산초등학교,7,61,33313,충남 부여군 은산면 충의로 729,041-832-6390
813,초등학교,외산초등학교,6,22,33104,충남 부여군 외산면 만수로 421,041-836-5290
814,초등학교,내산초등학교,7,31,33195,충남 부여군 내산면 성충로 906,041-833-4290
815,초등학교,구룡초등학교,6,19,33191,충남 부여군 구룡면 태양로 25,041-832-2830
816,초등학교,용당초등학교,5,13,33190,충남 부여군 구룡면 용당로 2번길 73,041-832-9160
817,초등학교,홍산초등학교,6,72,33200,충남 부여군 홍산면 홍산로 111번길 7,041-835-1091
818,초등학교,옥산초등학교,6,13,33205,충남 부여군 옥산면 대백제로 330,041-832-0091
819,초등학교,마정초등학교,5,8,33210,충남 부여군 남면 마정로 7-9,041-832-3190
820,초등학교,충화초등학교,5,15,33212,충남 부여군 충화면 팔충로 701,041-833-1090
821,초등학교,양화초등학교,6,12,33215,충남 부여군 양화면 충절로 215,041-833-3090
822,초등학교,임천초등학교,7,48,33219,충남 부여군 임천면 성흥로97번길15,041-837-0712
823,초등학교,장암초등학교,7,33,33183,충남 부여군 장암면 석동로 112,041-834-2624
824,초등학교,세도초등학교,6,34,33227,충남 부여군 세도면 세도로 68,041-833-0090
825,초등학교,석성초등학교,4,10,33179,충남 부여군 석성면 석성로 113-8,041-836-9091
826,초등학교,석양초등학교,7,48,33176,충남 부여군 석성면 증산로39번길 31,041-836-6190
827,초등학교,초촌초등학교,6,27,33175,충남 부여군 초촌면 초촌로 55,041-832-7862
828,초등학교,장항초등학교,11,138,33659,충남 서천군 장항읍 성주길6,041-956-0068
829,초등학교,장항중앙초등학교,10,161,33670,충남 서천군 장항읍 장항로121번길 7,041-956-6306
830,초등학교,송림초등학교,6,42,33658,충남 서천군 장항읍 옥도로 14,041-956-8523
831,초등학교,서천초등학교,26,630,33643,충남 서천군 서천읍 서천로 98번길 5,041-953-6901
832,초등학교,서남초등학교,4,15,33653,충남 서천군 마서면 마서로 260번길 12,041-953-3703
833,초등학교,마동초등학교,7,67,33657,충남 서천군 마서면 원송로 229,041-956-6885
834,초등학교,송석초등학교,6,30,33650,충남 서천군 마서면 송신로 432,041-952-8711
835,초등학교,화양초등학교,6,21,33629,충남 서천군 화양면 화산로 64번길,041-951-1515
836,초등학교,기산초등학교,7,31,33628,충남 서천군 기산면 기산길 107,041-951-1014
837,초등학교,한산초등학교,6,36,33624,충남 서천군 한산면 한마로 48 ,041-951-0081
838,초등학교,마산초등학교,5,21,33622,충남 서천군 마산면 삼일로 327,041-953-1732
839,초등학교,시초초등학교,6,55,33620,충남 서천군 시초면 시초북로 31,041-952-1906
840,초등학교,문산초등학교,6,10,33617,충남 서천군 문산면 신농길 26-29,041-952-4013
841,초등학교,오성초등학교,7,32,33615,충남 서천군 판교면 종판로 857번길 13,041-951-9776
842,초등학교,부내초등학교,6,37,33611,충남 서천군 종천면 충서로363번길 23-1,041-953-4081
843,초등학교,비인초등학교,7,27,33608,충남 서천군 비인면 비인로192(성내리),041-952-1323
844,초등학교,서면초등학교,7,25,33602,충남 서천군 서면 선합장길 15,041-951-7578
845,초등학교,서도초등학교,7,80,33603,충남 서천군 서면 공암남촌길 31번길 33,041-952-0039
846,초등학교,청양초등학교,16,303,33324,충남 청양군 청양읍 칠갑산로 9길 29,041-943-2683
847,초등학교,청송초등학교,7,42,33340,충남 청양군 청양읍 칠갑산로 97,041-943-2562
848,초등학교,운곡초등학교,6,27,33315,충남 청양군 운곡면 청신로 882,041-942-9762
849,초등학교,수정초등학교,6,64,33345,충남 청양군 대치면 칠갑산로 514,041-942-3503
850,초등학교,정산초등학교,7,82,33352,충남 청양군 정산면 칠갑산로 1863,041-942-0013
851,초등학교,목면초등학교,6,22,33358,충남 청양군 목면 철마장길 27,041-944-0762
852,초등학교,청남초등학교,6,20,33363,충남 청양군 청남면 명덕로 207-4,041-943-4854
853,초등학교,장평초등학교,6,28,33367,충남 청양군 장평면 충의로 453,041-942-6260
854,초등학교,미당초등학교,4,7,33362,충남 청양군 장평면 낙지미당로 543-53,041-942-7008
855,초등학교,남양초등학교,7,37,33306,충남 청양군 남양면 구용길 324,041-942-1901
856,초등학교,합천초등학교,6,49,33310,충남 청양군 화성면 무한로 88,041-942-4014
857,초등학교,가남초등학교,7,57,33316,충남 청양군 비봉면 충절로 1962-7,041-942-5006
858,초등학교,홍성초등학교,29,628,32227,충남 홍성군 홍성읍 조양로 43,041-633-5788
859,초등학교,홍주초등학교,7,84,32223,충남 홍성군 홍성읍 조양로 100-10,041-633-0548
860,초등학교,홍남초등학교,32,719,32234,충남 홍성군 홍성읍 홍장북로 434,041-634-0949
861,초등학교,광천초등학교,12,178,32292,충남 홍성군 광천읍 홍남로 705번길 16,041-642-0584
862,초등학교,홍북초등학교,25,475,32260,충남 홍성군 자경로 33,041-632-9027
863,초등학교,용봉초등학교,7,84,32251,충남 홍성군 홍북읍 이응노로 277,041-632-9818
864,초등학교,내포초등학교,51,1257,32272,충남 홍성군 홍북읍 홍학로 38,041-630-7920
865,초등학교,한울초등학교,43,950,32266,충남 홍성군 홍북읍 홍학로 131,041-631-6411
866,초등학교,금마초등학교,7,52,32280,충남 홍성군 금마면 광금북로 484,041-633-7058
867,초등학교,배양초등학교,7,45,32280,충남 홍성군 금마면 금마로 23-24,041-633-7036
868,초등학교,홍동초등학교,9,121,32284,충남 홍성군 홍동면 홍장남로 672번길 59,041-633-3040
869,초등학교,금당초등학교,7,36,32283,충남 홍성군 홍동면 초롱산길 9,041-633-3170
870,초등학교,장곡초등학교,7,33,32298,충남 홍성군 장곡면 도산1길 2,041-642-5006
871,초등학교,은하초등학교,5,16,32210,충남 홍성군 은하면 은하로 220,041-642-4000
872,초등학교,결성초등학교,6,13,32212,충남 홍성군 결성면 홍남서로 738번길 30,041-642-8891
873,초등학교,서부초등학교,7,30,32204,충남 홍성군 서부면 서부로 505,041-632-8020
874,초등학교,신당초등학교,5,19,32206,충남 홍성군 서부면 남당항로 270번길 43,041-632-8150
875,초등학교,갈산초등학교,6,60,32202,충남 홍성군 갈산면 갈산로 135,041-633-7575
876,초등학교,구항초등학교,7,43,32215,충남 홍성군 구항면 구성남로 928,041-631-3297
877,초등학교,대정초등학교,7,30,32214,충남 홍성군 구항면 거북로 20,041-641-0642
878,초등학교,서해삼육초등학교,6,166,32292,충남 홍성군 광천읍 홍남로705번길 23,041-641-2502
879,초등학교,예산초등학교,19,377,32434,예산군 예산읍 아리랑로 205 ,332-6175
880,초등학교,금오초등학교,25,554,32429,예산군 예산읍 역전로 134번길 40,334-2502
881,초등학교,예산중앙초등학교,8,133,32431,예산군 예산읍 주교로 21,967-2700
882,초등학교,신례원초등학교,10,146,32421,예산군 예산읍 신례원로 179,334-3585
883,초등학교,대술초등학교,7,28,32444,예산군 대술면 원농리길 12,333-5009
884,초등학교,신양초등학교,7,32,32453,예산군 신양면 청신로 374,333-7005
885,초등학교,웅산초등학교,7,42,32457,예산군 광시면 예당로 181,332-1560
886,초등학교,대흥초등학교,6,24,32450,예산군 대흥면 의좋은형제길 16,332-0100
887,초등학교,응봉초등학교,7,33,32447,예산군 응봉면 예당로1504,333-0040
888,초등학교,평촌초등학교,7,31,32447,예산군 응봉면 예당로 1211,333-9632
889,초등학교,삽교초등학교,7,82,32414,예산군 삽교읍 삽교로 4길 26,337-7173
890,초등학교,용동초등학교,6,36,32412,예산군 삽교읍 삽교평야로 193,338-4115
891,초등학교,보성초등학교,29,591,32416,예산군 삽교읍 예학로 127,337-2532
892,초등학교,덕산초등학교,7,93,32406,예산군 덕산면 봉운로 38,337-0204
893,초등학교,시량초등학교,7,51,32407,예산군 덕산면 덕산온천로 91, 337-4043
894,초등학교,수덕초등학교,6,46,32410,예산군 덕산면 수덕사로 631,337-6070
895,초등학교,봉산초등학교,6,33,32404,예산군 봉산면 봉산로 369-10,337-1010
896,초등학교,고덕초등학교,6,47,32403,예산군 고덕면 황금뜰로 203,337-8007
897,초등학교,구만초등학교,5,15,32402,예산군 고덕면 구만윗뜸길 27 ,337-8438
898,초등학교,예덕초등학교,6,32,32401,예산군 고덕면 몽곡상몽길 54,338-8433
899,초등학교,신암초등학교,7,43,32418,예산군 신암면 신암남로 285-6,332-9010
900,초등학교,조림초등학교,7,46,32420,예산군 신암면 조곡길 100,332-8720
901,초등학교,오가초등학교,7,46,32425,예산군 오가면 역말로 89  ,333-0946 
902,초등학교,양신초등학교,7,34,32424,예산군 오가면 내양막길 5,332-6865
903,초등학교,태안초등학교,17,328,32142,충남 태안군 태안읍 백화로 49,041-673-2872
904,초등학교,송암초등학교,6,50,32150,충남 태안군 태안읍 순환길 130 ,041-674-2982
905,초등학교,화동초등학교,13,225,32148,충남 태안군 태안읍 중앙로 321 ,041-674-5951
906,초등학교,백화초등학교,30,661,32140,충남 태안군 태안읍 다락미1길 85,041-672-8595
907,초등학교,안면초등학교,7,108,32164,충남 태안군 안면읍 장터로 230,041-673-1013 
908,초등학교,방포초등학교,5,26,32166,충남 태안군 안면읍 꽃지해안로 519,041-673-4836
909,초등학교,안중초등학교,6,26,32167,충남 태안군 안면읍 율포길 31,041-673-5372
910,초등학교,창기초등학교,6,36,32162,충남 태안군 안면읍 황도로 72,041-673-5336
911,초등학교,고남초등학교,6,32,32172,충남 태안군 고남읍 안면대로 4189,041-673-5671
912,초등학교,남면초등학교,7,27,32154,충남 태안군 남면 남면로 125,041-672-2062
913,초등학교,삼성초등학교,6,38,32158,충남 태안군 남면 마검포길 93-1,041-675-4203
914,초등학교,근흥초등학교,5,17,32129,충남 태안군 근흥면 근흥로 716-8,041-673-0007
915,초등학교,안흥초등학교,5,19,32131,충남 태안군 근흥면 죽림길 45,041-674-9322
916,초등학교,안흥초등학교신진도분교장,2,4,32131,충남 태안군 근흥면 신진도길 44-23,041-674-9327
917,초등학교,소원초등학교,6,37,32120,충남 태안군 소원면 은골길 42,041-672-6005
918,초등학교,소원초등학교의항분교장,0,0,32121,충남 태안군 소원면 송의로 691,041-674-9317
919,초등학교,모항초등학교,6,27,32123,충남 태안군 소원면 모항파도로 116,041-672-9046
920,초등학교,시목초등학교,6,47,32118,충남 태안군 소원면 서해로 1147-26,041-674-6809
921,초등학교,원북초등학교,7,56,32109,충남 태안군 원북면 원이로 849-3,041-672-5006
922,초등학교,대기초등학교,7,53,32112,충남 태안군 원북면 대기길 12-21,041-672-5073
923,초등학교,이원초등학교,6,29,32103,충남 태안군 이원면 원이로 1536-31,041-672-8789
924,초등학교,이원초등학교관동분교장,3,8,32101,충남 태안군 이원면 원이로 1956,041-672-8067
925,중학교,천안중학교,22,638,31127,충남 천안시 동남구 충절로 90,041-562-0241
926,중학교,천안북중학교,23,606,31123,충남 천안시 동남구 중앙로 188,041-561-4657
927,중학교,천안여자중학교,25,640,31186,충남 천안시 동남구 원거리11길 31,041-551-2945
928,중학교,천안동중학교,21,641,31070,충남 천안시 동남구 충절로 363-11,041-413-3953
929,중학교,천안성정중학교,32,927,31108,충남 천안시 서북구 성정중2길 40,041-552-0755
930,중학교,천안봉서중학교,20,439,31155,충남 천안시 서북구 미라1길 48,041-571-8352
931,중학교,천안부성중학교,22,531,31080,충남 천안시 서북구 공대길 45-9,041-523-7092
932,중학교,천안쌍용중학교,38,1117,31166,충남 천안시 서북구 쌍용12길 13,041-576-7362
933,중학교,천안두정중학교,31,918,31101,충남 천안시 서북구 두정중1길 26,041-561-6801
934,중학교,천안오성중학교,29,887,31089,충남 천안시 서북구 두정고1길 25,041-522-7205
935,중학교,천안성성중학교,28,879,31100,충남 천안시 서북구 부성1길 83,041-622-3704
936,중학교,천안백석중학교,31,901,31158,충남 천안시 서북구 백석1길 56,041-522-9616
937,중학교,환서중학교,28,823,31098,충남 천안시 서북구 한들3로 50,041-412-7020
938,중학교,천안신방중학교,38,1080,31176,충남 천안시 동남구 신촌4로 46,041-592-1012
939,중학교,천안불당중학교,36,1109,31164,충남 천안시 서북구 불당11로 35,041-558-9522
940,중학교,천안월봉중학교,35,1047,31169,충남 천안시 서북구 광장로 245,041-523-9851
941,중학교,천안용곡중학교,38,1122,31184,충남 천안시 동남구 새말1길 51-14,041-592-0714
942,중학교,천안새샘중학교,31,936,31205,충남 천안시 동남구 통정6로 49,041-592-3092
943,중학교,천안가온중학교,33,920,31198,충남 천안시 동남구 청수6로 83,041-523-4965
944,중학교,천안불무중학교,33,961,31156,충남 천안시 서북구 불당23로 30,041-418-9670
945,중학교,성환중학교,13,294,31017,충남 천안시 서북구 성환읍 성환2로 79,041-581-0381
946,중학교,병천중학교,7,104,31256,충남 천안시 동남구 병천면 충절로 1872,041-561-9676
947,중학교,입장중학교,7,119,31027,충남 천안시 서북구 입장면 연곡길 36,041-585-5021
948,중학교,목천중학교,11,199,31231,충남 천안시 동남구 목천읍 삼방로 145,041-559-1671
949,중학교,천남중학교,3,57,31245,충남 천안시 동남구 성남면 신사대화로 403,041-553-0842
950,중학교,천안계광중학교,18,481,31150,충남 천안시 동남구 봉명로53,041-572-9013
951,중학교,복자여자중학교,16,492,31122,충남 천안시 동남구 복자1길 1,041-551-6003
952,중학교,천성중학교,16,426,31068,충남 천안시 동남구 벌말1길 7,041-555-7451
953,중학교,천안서여자중학교,18,419,31151,충남 천안시 동남구 천안여상로 44,041-574-9333
954,중학교,광풍중학교,10,202,31217,충남 천안시 동남구 풍세면 광풍로 1021-11,041-566-7007
955,중학교,천안동성중학교,13,304,31019,충남 천안시 서북구 성환읍 성환1로 138,041-582-6183
956,중학교,공주중학교,16,324,32536,충남 공주시 왕릉로 111(금성동),041-858-1492
957,중학교,봉황중학교,14,335,32529,충남 공주시 금벽로 301(신관동),041-854-2772
958,중학교,공주여자중학교,20,507,32541,충남 공주시 용당길 54(교동),041-851-1001
959,중학교,유구중학교,7,114,32056,충남 공주시 유구읍 중앙1길 49-10,041-841-2901
960,중학교,탄천중학교,4,22,32609,충남 공주시 탄천면 통산로 168,041-853-5170
961,중학교,정안중학교,3,45,32512,충남 공주시 정안면 정안중앙길 89-6,041-961-6025
962,중학교,우성중학교,6,77,32532,충남 공주시 우성면 구레말길86,041-855-7021
963,중학교,반포중학교,4,53,32621,충남 공주시 반포면 원당1길 28,041-857-3152
964,중학교,사곡중학교,3,33,32523,충남 공주시 사곡면 마곡사로 293-106,041-841-5208
965,중학교,이인중학교,3,22,32607,충남 공주시 이인면 금광로 12-5,041-857-3102
966,중학교,공주영명중학교,6,133,32563,충남 공주시 영명학당2길 33,041-858-0325
967,중학교,공주북중학교,9,214,32546,충남 공주시 제민천1길 113(반죽동),041-854-3962
968,중학교,경천중학교,3,40,32619,충남 공주시 계룡면 어사길2(경천리 423),041-852-4043
969,중학교,공주대학교사범대학부설중학교,7,175,32550,충남 공주시 봉황로 75,041-851-4100
970,중학교,대천중학교,22,515,33475, 충남 보령시 보령남로 23,041-934-2602
971,중학교,대천여자중학교,19,472,33439, 충남 보령시 옥갓티1길 31,041-934-6173
972,중학교,한내여자중학교,17,453,33430, 충남 보령시 옥마로 200,041-936-6992
973,중학교,대천서중학교,4,57,33489, 충남 보령시 대천항로 212,041-931-3482
974,중학교,웅천중학교,4,51,33522,충남 보령시 웅천읍 방축길 87,041-931-8782
975,중학교,보령중학교,4,52,33414,충남 보령시 보령읍성길 87-37,041-932-7008
976,중학교,천북중학교,3,23,33402,충남 보령시 천북면 천광로 107,041-641-9013
977,중학교,청라중학교,7,115,33425,충남 보령시 청라면 대청로 804,041-932-5642
978,중학교,남포중학교,4,30,33497,충남 보령시 남포면 야동2길 24,041-933-0219
979,중학교,주산중학교,2,9,33517,충남 보령시 주산면 만세운동길 58,041-928-8220
980,중학교,미산중학교,4,34,33512,충남 보령시 미산면 판미로 1462-7,041-933-4022
981,중학교,대명중학교,15,342,33430,충남 보령시 한내로 155,041-932-3031
982,중학교,온양중학교,32,852,31571,충남 아산시 온중로 48,041-536-4455
983,중학교,온양용화중학교,35,948,31574,충남 아산시 어의정로 101,041-548-6500
984,중학교,온양여자중학교,33,943,31577,충남 아산시 온여고길 21번길 22,041-544-3162
985,중학교,온양신정중학교,31,697,31502,충남 아산시 온천대로 1333번길 31,041-547-3072
986,중학교,송남중학교,10,187,31557,충남 아산시 송악면 송악로 714번길 37,041-541-8022
987,중학교,아산배방중학교,34,911,31496,충남 아산시 배방읍 배방로 216,041-536-7100
988,중학교,설화중학교,32,887,31469,충남 아산시 배방읍 연화로 56,041-534-7484
989,중학교,모산중학교,41,1182,31479,충남 아산시 배방읍 배방로 90,041-620-2102
990,중학교,탕정중학교,49,1447,31457,충남 아산시 탕정면로 53-40,041-541-4763
991,중학교,한들물빛중학교,28,801,31465,충남 아산시 탕정면 한들물빛3로 35,041-423-3300
992,중학교,음봉중학교,30,606,31417,충남 아산시 음봉면 음봉로 505,041-541-4924
993,중학교,아산테크노중학교,23,498,31406,충남 아산시 둔포면 아산밸리북로 32,041-427-5002
994,중학교,영인중학교,4,54,31442,충남 아산시 영인면 아산온천로3번길 17,041-542-5005
995,중학교,인주중학교,5,83,31434,충남 아산시 인주면 영인산로 85,041-570-5900
996,중학교,선도중학교,3,24,31546,충남 아산시 선장면 서부남로 21,041-542-0854
997,중학교,도고중학교,3,33,31552,충남 아산시 도고면 도고산로 573,041-544-7601
998,중학교,신창중학교,17,349,31535,충남 아산시 신창면 서부남로667번길 70,041-542-1139
999,중학교,아산중학교,27,810,31511,충남 아산시 번영로115번길 21,041-545-3173
1000,중학교,온양한올중학교,24,733,31519,충남 아산시 청운로 158 ,041-544-8166
1001,중학교,둔포중학교,10,209,31405,충남 아산시 둔포면 둔포중앙로161번길 26-13,041-531-2252
1002,중학교,서산중학교,33,848,31999,충남 서산시 덕지천로 90,041-664-5573
1003,중학교,서산여자중학교,30,827,32003,충남 서산시 정주골 6길 11,041-669-1977
1004,중학교,서산석림중학교,23,599,32002,충남 서산시 동서2로 8,041-667-8126
1005,중학교,서산부춘중학교,19,470,31972,충남 서산시 부춘2로 42(읍내동),041-667-0127
1006,중학교,서령중학교,18,510,31965,충남 서산시 서령로 117(동문동),041-664-5101
1007,중학교,해미중학교,9,176,31960,충남 서산시 해미면 남문2로 93,041-688-5812
1008,중학교,부석중학교,3,53,32019,충남 서산시 부석면 무학로 1034 ,041-669-0292
1009,중학교,서산명지중학교,3,42,31907,충남 서산시 대산읍 명지1로 15 ,041-668-7442
1010,중학교,성연중학교,21,508,31930,충남 서산시 성연면 성연로 210-4,041-662-8050
1011,중학교,고북중학교,3,58,32027,충남 서산시 고북면 고북1로 320-1,041-664-8742
1012,중학교,음암중학교,7,147,31936,충남 서산시 음암면 칠거리로 147,041-669-6042
1013,중학교,인지중학교,9,164,32015,충남 서산시 인지면 무학로 1654-9,041-669-1141
1014,중학교,대철중학교,7,96,31945,충남 서산시 운산면 해운로 1111,041-669-2861
1015,중학교,대산중학교,10,175,31909,충남 서산시 대산읍 충의로 1856,041-669-1791
1016,중학교,팔봉중학교,7,155,31925,충남 서산시 팔봉면 팔봉2로 133,041-662-6006
1017,중학교,서일중학교,9,251,31919,충남 서산시 지곡면 화천3길 56 ,041-669-1083
1018,중학교,논산중학교,16,338,32954,논산시 시민로397번길 28(부창동),041-735-2834
1019,중학교,논산여자중학교,23,509,32978,논산시 중앙로347번길 21,041-735-2751
1020,중학교,강경중학교,6,88,32940,논산시 강경읍 계백로 28,041-745-1603
1021,중학교,강경여자중학교,7,117,32938,논산시 강경읍 계백로 200,041-745-1942
1022,중학교,연무중학교,7,139,33007,논산시 연무읍 연무로 160번길 26-2,041-742-0541
1023,중학교,노성중학교,5,72,32903,논산시 노성면 노성로 602-5,041-736-0348
1024,중학교,연산중학교,7,101,32913,논산시 연산면 청동로 113-14,041-733-6756
1025,중학교,광석중학교,5,44,32924,논산시 광석면 광석로 56-3,041-732-9282
1026,중학교,가야곡중학교,4,13,33019,논산시 가야곡면 덕은로 160,041-741-1601
1027,중학교,논산대건중학교,11,298,32906,논산시 논산대로 119,041-735-1966
1028,중학교,기민중학교,10,255,32994,논산시 관촉로 113-19(지산동),041-733-2852~3
1029,중학교,쌘뽈여자중학교,12,308,32954,논산시 시민로 411,041-735-2508
1030,중학교,연무여자중학교,6,131,33009,논산시 연무읍 동안로 887번길 5,041-741-5675
1031,중학교,건양대학교병설건양중학교,5,88,33022,논산시 양촌면 황산벌로 486-21,041-741-2102
1032,중학교,용남중학교,23,636,32801,계룡시 신도안면 신도안2길 66,042-551-1502
1033,중학교,엄사중학교,22,532,32815,계룡시 엄사면 번영11길3,042-841-9675
1034,중학교,계룡중학교,28,666,32828,계룡시 서금암 5길 17,042-840-5092
1035,중학교,당진중학교,38,1041,31784,충남 당진시 운학길 41,041-430-2002
1036,중학교,당진중학교대호지분교장,3,10,31798,충남 당진시 대호지면 4.4만세로 75-22,041-352-2556
1037,중학교,원당중학교,38,1034,31771,충남 당진시 밤절로 72-34,041-358-2363
1038,중학교,수청중학교,15,322,31817,충남 당진시 수청3로 42,041-430-8791
1039,중학교,합덕중학교,4,62,31809,충남 당진시 합덕읍 면천로 1601,041-362-2791
1040,중학교,합덕여자중학교,4,55,31809,충남 당진시 합덕읍 면천로 1583,041-362-8764
1041,중학교,면천중학교,4,35,31804,충남 당진시 면천면 면천서문1길 35,041-356-3086
1042,중학교,순성중학교,3,53,31757,충남 당진시 순성면 틀모시로 146,041-353-5367
1043,중학교,송산중학교,11,210,31714,충남 당진시 송산면 도문로 48,041-353-7227
1044,중학교,고대중학교,4,55,31792,충남 당진시 고대면 고대로 215,041-353-8640
1045,중학교,호서중학교,19,555,31771,충남 당진시 밤절로 2-31,041-352-2521
1046,중학교,서야중학교,6,117,31814,충남 당진시 합덕읍 덕평로 335-1,041-363-0713
1047,중학교,석문중학교,6,97,31706,충남 당진시 석문면 대호로 1533-6,041-353-0792
1048,중학교,신평중학교,24,647,31746,충남 당진시 신평면 솔안말길 61-40,041-360-5107
1049,중학교,송악중학교,34,912,31732,충남 당진시 송악읍 송악로 165,041-351-2310
1050,중학교,금산중학교,12,272,32734,충남 금산군 금산읍 탑선길 5,041-753-7152
1051,중학교,금산동중학교,13,291,32742,충남 금산군 금산읍 용머리길 25,041-753-7103
1052,중학교,금산여자중학교,12,276,32737,충남 금산군 금산읍 인삼로11,041-753-6144
1053,중학교,제원중학교,4,47,32723,충남 금산군 제원면 금강로 61,041-753-7321
1054,중학교,부리중학교,4,34,32757,충남 금산군 부리면 말골길 57,041-753-7530~1
1055,중학교,진산중학교,4,39,32704,충남 금산군 진산면 대둔산로 413,041-753-7367
1056,중학교,복수중학교,3,21,32701,충남 금산군 복수면 복수로 333,041-753-7063
1057,중학교,추부중학교,8,112,32714,충남 금산군 추부면 마전2길 21,041-753-7003
1058,중학교,부여중학교,13,312,33155,충남 부여군 부여읍 석탑로 14,041-832-3884
1059,중학교,부여여자중학교,11,251,33133,충남 부여군 부여읍 월함로 34,041-836-0441
1060,중학교,홍산중학교,3,49,33200,충남 부여군 홍산면 홍산로 112-25,041-836-1086
1061,중학교,임천중학교,3,32,33220,충남 부여군 임천면 성흥로 210,041-833-2086
1062,중학교,은산중학교,4,45,33113,충남 부여군 은산면 충의로 729 ,041-832-1066
1063,중학교,석성중학교,4,57,33176,충남 부여군 석성면 증산로 7,041-836-6086
1064,중학교,세도중학교,3,25,33229,충남 부여군 세도면 부흥로 564-4,041-833-0085
1065,중학교,양화중학교,3,10,33215,충남 부여군 양화면 충절로 267-6,041-834-6082
1066,중학교,백제중학교,12,263,33121,충남 부여군 규암면 흥수로 759,041-836-3201
1067,중학교,외산중학교,3,32,33103,충남 부여군 외산면 외산로 55-14,041-836-5285
1068,중학교,용강중학교,4,38,33191,충남 부여군 구룡면 성충로 1429,041-832-2085
1069,중학교,장항중학교,10,246,33673,충남 서천군 장항읍 장서로 16번길 79,041-956-0756
1070,중학교,서천중학교,10,191,33646,충남 서천군 서천읍 충절로 97,041-953-0104
1071,중학교,서천여자중학교,7,137,33638,충남 서천군 서천읍 군청로 84,041-950-7070
1072,중학교,한산중학교,4,18,33624,충남 서천군 한산면 한마로 130번길 31,041-951-0085
1073,중학교,비인중학교,4,13,33608,충남 서천군 비인면 비인로 142,041-952-8082
1074,중학교,서면중학교,4,46,33602,충남 서천군 서면 서인로 777번길 3,041-951-7537
1075,중학교,서림여자중학교,3,68,33636,충남 서천군 서천읍 화금서길 45,041-953-0176
1076,중학교,동강중학교,5,91,33628,충남 서천군 기산면 충절로 624,041-953-4395
1077,중학교,판교중학교,4,45,33615,충남 서천군 판교면 종판로887번길,041-951-5514
1078,중학교,청양중학교,14,277,33339,충남 청양군 청양읍 칠갑산로179,041-944-1194
1079,중학교,정산중학교,7,147,33354,충남 청양군 정산면 역말길 42,041-942-0189
1080,중학교,화성중학교,3,15,33301,충남 청양군 화성면 무한로 226-15,041-943-4571
1081,중학교,청신여자중학교,3,43,33303,충남 청양군 청양읍 학사길 5-101,041-943-2760
1082,중학교,동영중학교,3,11,33309,충남 청양군 남양면 금천길 70-36,041-942-1715
1083,중학교,홍성중학교,14,288,32232,충남 홍성군 홍성읍 충절로 994,041-632-2624
1084,중학교,홍성여자중학교,23,541,32216,충남 홍성군 홍성읍 도청대로 29-21,041-632-2629
1085,중학교,광천중학교,7,134,32292,충남 홍성군 광천읍 광천로 396-34,041-641-0553
1086,중학교,내포중학교,30,855,32264,충남 홍성군 홍북읍 홍학로 41,041-640-1421
1087,중학교,갈산중학교,4,38,32202,충남 홍성군 갈산면 상촌로 9번길 39,041-634-5304
1088,중학교,홍동중학교,7,104,32283,충남 홍성군 홍동면 광금남로 735,041-631-8072
1089,중학교,홍성서부중학교,4,33,32204,충남 홍성군 서부면 서부로 411,041-632-8771
1090,중학교,금마중학교,4,52,32280,충남 홍성군 금마면 철마산길 182,041-633-7529
1091,중학교,홍주중학교,13,277,32238,충남 홍성군 홍성읍 문화로 78,041-632-4425
1092,중학교,서해삼육중학교,3,88,32292,충남 홍성군 광천읍 홍남로 705번길 23,041-641-0938
1093,중학교,예산중학교,19,450,32441, 예산군 예산읍 예중길 40,331-2892
1094,중학교,예산여자중학교,15,356,32423,예산군 예산읍 벚꽃로 197-17,334-2491
1095,중학교,대술중학교,3,23,32444,예산군 대술면 대술로 135-7,333-5006
1096,중학교,삽교중학교,5,75,32414,예산군 삽교읍 삽교로 173,337-2873
1097,중학교,덕산중학교,30,773,32416,예산군 삽교읍 예학로 128,337-9668
1098,중학교,고덕중학교,5,80,32403,예산군 고덕면 예덕로 546,338-3913
1099,중학교,신암중학교,4,31,32419,예산군 신암면 신암남로 413,332-9107
1100,중학교,신양중학교,4,58,32453,예산군 신양면 청신로 402,333-7032
1101,중학교,광시중학교,3,18,32457,예산군 광시면 광시소길 24,332-1556
1102,중학교,대흥중학교,6,138,32450,예산군 대흥면 예당로 845,332-0013
1103,중학교,임성중학교,3,43,32425,예산군 오가면 윤봉길로 1983-32,335-6922
1104,중학교,태안중학교,17,378,32141,충남 태안군 태안읍 중앙로 115,041-674-5323
1105,중학교,태안여자중학교,14,334,32140,충남 태안군 태안읍 다락미4길 27,041-673-2376
1106,중학교,안면중학교,7,122,32166,충남 태안군 안면읍 조운막터길 43,041-674-3092
1107,중학교,창기중학교,0,0,32162,충남 태안군 안면읍 황도로3-16,041-673-3191
1108,중학교,남면중학교,4,35,32154,충남 태안군 남면 남면로 125,041-672-3512
1109,중학교,근흥중학교,3,26,32129,충남 태안군 근흥면 근흥로 690,041-673-0369
1110,중학교,만리포중학교,4,18,32120,충남 태안군 소원면 소근로 63-12,041-672-6537
1111,중학교,원이중학교,8,156,32110,충남 태안군 원북면 마산길 180,041-672-5040
1112,고등학교,천안제일고등학교,24,461,31127,충남 천안시 동남구 버들로 71 (원성동),041-902-6900
1113,고등학교,천안공업고등학교,45,960,31123,충남 천안시 동남구 성황5길 17 (성황동),041-558-9801
1114,고등학교,천안중앙고등학교,39,1319,31126,충남 천안시 동남구 충절로91,041-567-7910
1115,고등학교,천안여자고등학교,35,976,31073,충남 천안시 동남구 삼룡3길 30(삼룡동),041-559-9300
1116,고등학교,병천고등학교,19,421,31256,충남 천안시 동남구 병천면 충절로 1872,041-561-9671
1117,고등학교,성환고등학교,17,353,31008,충남 천안시 서북구 성환읍 신방로 354 ,041-588-2001
1118,고등학교,목천고등학교,14,279,31231,충남 천안시 동남구 목천읍 삼방로 145,041-559-1616
1119,고등학교,충남예술고등학교,16,414,31044,충남 천안시 서북구 성거읍 천흥2길 42,041-555-8001
1120,고등학교,천안두정고등학교,44,1400,31089,충남 천안시 서북구 두정고2길 13,041-522-7371
1121,고등학교,천안월봉고등학교,41,1289,31164,충남 천안시 서북구 불당 11로 51,041-622-5194
1122,고등학교,천안쌍용고등학교,43,1369,31179,충남 천안시 서북구 월봉7길 10,041-592-5313
1123,고등학교,천안신당고등학교,32,961,31083,충남 천안시 서북구 신당새터 2길 36,041-523-4822
1124,고등학교,천안오성고등학교,40,1290,31079,충남 천안시 서북구 과수원길 27,041-558-3702
1125,고등학교,천안업성고등학교,36,979,31076,충남 천안시 서북구 업성3길 65-11,041-587-7903
1126,고등학교,천안청수고등학교,40,1228,31194,충남 천안시 동남구 청수로 82-46,041-590-7100
1127,고등학교,천안불당고등학교,40,1280,31156,충남 천안시 서북구 불당29길 22,041-622-9571
1128,고등학교,천안고등학교,32,1061,31150,충남 천안시 동남구 봉명로 53,041-412-5000
1129,고등학교,천안상업고등학교,36,836,31081,충남 천안시 서북구 천일고1길 43-9(신당동),041-551-6512
1130,고등학교,복자여자고등학교,24,612,31122,충남 천안시 동남구 복자1길 1(성황동),041-551-6001
1131,고등학교,천안여자상업고등학교,31,698,31151,충남 천안시 동남구 천안여상로 44(봉명동 216-1),041-576-6363
1132,고등학교,북일고등학교,35,970,31115,충남 천안시 동남구 단대로 69,041-520-8600
1133,고등학교,북일여자고등학교,24,686,31115,충남 천안시 동남구 단대로71,041-520-8707
1134,고등학교,한마음고등학교,3,12,31261,충남 천안시 동남구 동면 장송1길 47-24,041-567-5525
1135,고등학교,공주대학교사범대학부설고등학교,19,461,32550,충남 공주시 봉황로 75,041-851-4001
1136,고등학교,공주생명과학고등학교,19,261,32529,충남 공주시 금벽로 317(신관동 495-3),041-858-3503
1137,고등학교,공주고등학교,25,503,32564,충남 공주시 공주고담길 2,041-855-1705
1138,고등학교,공주여자고등학교,22,426,32602,충남 공주시 공주여고길 14-1(금학동) ,041-855-1223
1139,고등학교,충남과학고등학교,12,200,32620,충남 공주시 반포면 금벽로 1351-15,041-852-1427
1140,고등학교,공주마이스터고등학교,12,186,32506,충남 공주시 유구읍 중앙1길 27-12,041-841-2702
1141,고등학교,공주영명고등학교,18,351,32563,충남 공주시 중동 영명학당2길 33,041-854-3382
1142,고등학교,공주정보고등학교,12,190,32589,충남 공주시 마근동길 29 ,041-856-1672
1143,고등학교,공주금성여자고등학교,21,415,32542,충남 공주시 무령로 103,041-854-6811
1144,고등학교,한일고등학교,15,380,32511,충남 공주시 정안면 어물길 81 ,041-840-6000
1145,고등학교,대천고등학교,22,490,33441,충남 보령시 대고로 58,041-931-4362
1146,고등학교,대천여자고등학교,24,488,33451,충남 보령시 중앙로 264,041-934-2416
1147,고등학교,대천여자상업고등학교,15,268,33492,충남 보령시 여상길 60 (내향동 502),041-931-6851
1148,고등학교,충남해양과학고등학교,12,228,33489,충남 보령시 대천항로 212,041-931-3472
1149,고등학교,웅천고등학교,9,176,33522,충남 보령시 웅천읍 방축길 87,041-931-7463
1150,고등학교,주산산업고등학교,14,189,33517,충남 보령시 주산면 만세운동길 58,041-928-8200
1151,고등학교,온양고등학교,34,1038,31506,충남 아산시 온천대로 1411,041-539-1800
1152,고등학교,온양여자고등학교,36,1004,31577,충남 아산시 풍기동 온여고길 21번길 24 ,041-538-6000
1153,고등학교,온양용화고등학교,43,1237,31572,충남 아산시 용화고길 10,041-537-8300
1154,고등학교,아산스마트팩토리마이스터고등학교,15,230,31404,충남 아산시 둔포면 둔포중앙로 133번길 42 , 041-422-4211 
1155,고등학교,충남외국어고등학교,21,412,31455,충남 아산시 탕정면 탕정면로 53-60,041-538-4014
1156,고등학교,설화고등학교,43,1393,31467,충남 아산시 배방읍 용연로 111,041-549-9541
1157,고등학교,배방고등학교,43,1400,31496,충남 아산시 배방읍 배방산길 359번길 61,041-530-9506
1158,고등학교,이순신고등학교,31,989,31473,충남 아산시 배방읍 동방로 132,041-541-4061
1159,고등학교,아산고등학교,33,977,31511,충남 아산시 번영로115번길 21(온천동),041-544-7811
1160,고등학교,온양한올고등학교,33,922,31519,충남 아산시 청운로 158(권곡동),041-544-8161
1161,고등학교,충남삼성고등학교,36,1100,31454,충남 아산시 탕정면 삼성로 77,041-339-3000
1162,고등학교,서산중앙고등학교,34,770,32002,충남 서산시 벌말1길 23,041-665-7400
1163,고등학교,서산여자고등학교,31,828,32003,충남 서산시 정주골6길 27,041-660-0401
1164,고등학교,대산고등학교,21,548,31909,충남 서산시 대산읍 대산1로 36,041-669-8731
1165,고등학교,서산공업고등학교,18,320,31945,충남 서산시 운산면 운암로 1072-12,041-689-6810
1166,고등학교,서산고등학교,15,365,31960,충남 서산시 해미면 서문3길 37,041-689-0706
1167,고등학교,부석고등학교,15,372,32019,충남 서산시 부석면 무학로 1180-9,041-667-0121
1168,고등학교,서령고등학교,27,786,31965,충남 서산시 서령로 117-1,041-661-8611
1169,고등학교,서일고등학교,18,506,31919,충남 서산시 지곡면 화천3길 56, 041-669-1081 
1170,고등학교,논산공업고등학교,24,264,32954,충남 논산시 시민1로 365,041-736-1633
1171,고등학교,논산고등학교,12,251,32988,충남 논산시 시민로 173-9(내동),041-980-0500
1172,고등학교,논산여자고등학교,18,307,32978,충남 논산시 중앙로 325,041-735-3922
1173,고등학교,강경상업고등학교,15,241,32938,충남 논산시 계백로 220 (남교리 1번지),041-745-2314
1174,고등학교,강경고등학교,9,173,32938,충남 논산시 강경읍 계백로 188,041-745-1904
1175,고등학교,연무마이스터고등학교,16,217,33011,충남 논산시 연무읍 연무로 268-9 ,041-742-7302
1176,고등학교,충남인터넷고등학교,11,138,32913,충남 논산시 연산면 계백로 1958-16,041-736-6542
1177,고등학교,충남체육고등학교,9,215,32993,충남 논산시 체육로 82,041-735-9122
1178,고등학교,논산대건고등학교,24,493,32960,충남 논산시 논산대로 119,041-735-1961
1179,고등학교,연무고등학교,18,368,33009,충남 논산시 연무읍 동안로 887번길 5,041-741-5670
1180,고등학교,건양대학교병설건양고등학교,12,247,33022,충남 논산시 양촌면 황산벌로 486-21,041-741-2103
1181,고등학교,쌘뽈여자고등학교,18,364,32954,충남 논산시 시민로 411(부창동),041-735-2864
1182,고등학교,논산여자상업고등학교,21,388,32988,충남 논산시 시민로 197(강산동),041-734-6668
1183,고등학교,용남고등학교,31,852,32801,충남 계룡시 신도안면 신도안1길 32,042-717-2100
1184,고등학교,계룡고등학교,22,597,32827,충남 계룡시 두마면 서금암로 89,042-840-5311
1185,고등학교,당진정보고등학교,29,589,31784,충남 당진시 운학길 5(채운동),041-351-9001
1186,고등학교,당진고등학교,31,877,31784,충남 당진시 백암로 219-20,041-351-2750
1187,고등학교,합덕제철고등학교,16,220,31809,충남 당진시 합덕읍 면천로 1601,041-362-2793
1188,고등학교,합덕고등학교,7,115,31809,충남 당진시 합덕읍 면천로 1583,041-360-5834
1189,고등학교,호서고등학교,30,936,31771,충남 당진시 밤절로 2-13,041-354-2503
1190,고등학교,신평고등학교,21,641,31746,충남 당진시 신평면 서해로 7076,041-430-3040
1191,고등학교,서야고등학교,12,261,31814,충남 당진시 합덕읍 덕평로 335,041-363-0715
1192,고등학교,송악고등학교,18,549,31732,충남 당진시 송악읍 송악로 165,041-351-6231
1193,고등학교,금산산업고등학교,13,180,32742,충남 금산군 금산읍 진악로 1003(아인리 107),041-753-5102
1194,고등학교,금산고등학교,16,337,32742,충남 금산군 금산읍 탑선길5,041-753-7152
1195,고등학교,금산여자고등학교,16,338,32737,충남 금산군 금산읍 인삼로21,041-753-6201
1196,고등학교,금산하이텍고등학교,10,141,32704,충남 금산군 진산면 대둔산로 412,041-752-4375
1197,고등학교,부여고등학교,22,422,33160,충남 부여군 부여읍 금성로 91번길 3,041-836-6100
1198,고등학교,부여여자고등학교,16,296,33136,충남 부여군 부여읍 부소로 47,041-834-4149
1199,고등학교,부여정보고등학교,10,141,33123,충남 부여군 규암면 충절로 2316번길 24 ,041-835-7989
1200,고등학교,한국식품마이스터고등학교,10,135,33200,충남 부여군 홍산면 홍산로 112-23,041-836-1052
1201,고등학교,부여전자고등학교,6,71,33221,충남 부여군 임천면 충절로 1027,041-833-2081
1202,고등학교,장항공업고등학교,9,112,33665,충남 서천군 장항읍 신창서로 77,041-955-5620
1203,고등학교,서천고등학교,16,287,33636,충남 서천군 서천읍 사곡로 43번길 13-16,041-950-4900
1204,고등학교,서천여자고등학교,10,177,33638,충남 서천군 서천읍 군청로84,041-950-7000
1205,고등학교,충남디자인예술고등학교,9,162,33624,충남 서천군 한산면 한마로 114,041-951-0392
1206,고등학교,서천여자정보고등학교,9,154,33636,충남 서천군 서천읍 화금서길 45,041-953-3501
1207,고등학교,장항고등학교,9,182,33659,충남 서천군 장항읍 성화로193번길 6,041-956-6612
1208,고등학교,공동체비전고등학교,6,120,33631,충남 서천군 서천군 서천읍 서문로 327,041-953-6292
1209,고등학교,청양고등학교,23,408,33339,충남 청양군 청양읍 문화예술로 149,041-456-7892
1210,고등학교,정산고등학교,10,159,33354,충남 청양군 정산면 칠갑산로 1897,041-942-0285
1211,고등학교,홍성고등학교,33,738,32264,충남 홍성군 홍북읍 홍학로 49,041-632-2611
1212,고등학교,홍성여자고등학교,19,411,32218,충남 홍성군 홍성읍 충서로 1575번길 10,041-635-9500
1213,고등학교,충남드론항공고등학교,10,182,32292,충남 홍성군 광천읍 홍남로 695 ,041-641-0602
1214,고등학교,갈산고등학교,10,180,32202,충남 홍성군 갈산면 상촌로 9번길 39,041-634-5301
1215,고등학교,홍성공업고등학교,10,153,32212,충남 홍성군 결성면 구성남로 55,041-642-8217
1216,고등학교,홍주고등학교,24,581,32238,충남 홍성군 홍성읍 문화로 78,041-632-3886
1217,고등학교,한국K-POP고등학교,6,107,32291,충남 홍성군 광천읍 광천로 373번길 14,041-641-6433
1218,고등학교,서해삼육고등학교,9,184,32292,충남 홍성군 광천읍 홍남로705번길 23,041-641-0938
1219,고등학교,예산전자공업고등학교,12,181,32423,충남 예산군 벚꽃로 351번길 21,041-404-0063
1220,고등학교,예산여자고등학교,19,403,32431,충남 예산군 예산읍 주교로 36,041-333-8367
1221,고등학교,덕산고등학교,17,405,32416,충남 예산군 삽교읍 예학로 138,041-337-3510
1222,고등학교,예산고등학교,25,546,32435,충남 예산군 예산읍 예산로 101,041-335-2512
1223,고등학교,예산예화여자고등학교,18,335,32435,충남 예산군 예산읍 예산로 117,041-335-2495
1224,고등학교,대흥고등학교,6,137,32450,충남 예산군 대흥면 예당로 845,041-332-0542
1225,고등학교,삽교고등학교,15,318,32414,충남 예산군 삽교읍 삽교로 161,041-337-2893
1226,고등학교,태안고등학교,22,403,32148,충남 태안군 태안읍 백화로 251,041-675-8183
1227,고등학교,안면고등학교,9,151,32166,충남 태안군 안면읍 조운막터길 73,041-674-7841
1228,고등학교,만리포고등학교,6,92,32120,충남 태안군 소원면 서해로 631 ,041-672-0432
1229,고등학교,태안여자고등학교,22,428,32142,충남 태안군 태안읍 원이로 7-1,041-670-7700
1230,특수학교,공주정명학교,21,91,32590,충남 공주시 장척로 116-14(송선동),041-857-2062
1231,특수학교,천안인애학교,50,285,31048,충남 천안시 성거읍 봉주로 229,041-629-9018
1232,특수학교,서산성봉학교,32,156,31929,충남 서산시 성연면 명천1길 181-16,041-660-2920
1233,특수학교,아산성심학교,36,205,31546,충남 아산시 선장면 아산만로 368,041-541-8790
1234,특수학교,성광온누리학교,31,147,32928,충남 논산시 성동면 병촌길 89,041-981-0003
1235,특수학교,천안늘해랑학교,13,77,31256,충남 천안시 동남구 병천면 유관순길 86,041-417-2500
1236,특수학교,당진꿈나래학교,26,146,31811,충남 당진시 합덕읍 면천로 1590,041-539-1000
1237,특수학교,예산꿈빛학교,27,127,32411,충남 예산군 봉산면 하평1길 38,041-339-2200
1238,특수학교,나사렛새꿈학교,32,132,31172,충남 천안시 서북구 월봉로 48,041-579-1296
1239,특수학교,보령정심학교,20,81,33447,충남 보령시 주교면 보령북로 404,041-931-1715
1240,각종학교,여해학교 ,3,12,31451,충남 아산시 염치읍 현충사길 93,041-539-5452
1241,각종학교,충남다사랑학교,3,27,31409,충남 아산시 둔포면 아산밸리동로 247,041-427-3500
1242,각종학교,드림학교(중),3,9,31071,충남 천안시 동남구 충절로 535-31(고려신학대학원 내) ,041-563-1934
1243,각종학교,드림학교(고),3,33,31071,충남 천안시 동남구 충절로 535-31(고려신학대학원 내) ,041-563-1934
